customer_id,customer_name,email,gender,age,city,state,signup_date,customer_segment,acquisition_channel,preferred_channel,total_orders,total_spend,last_purchase_date,customer_tenure_days,days_since_last_purchase,average_order_value,customer_activity,spend_category
CUST1214,Rahul Mehta,customer214@example.com,Male,30,Noida,Uttar Pradesh,2023-11-13 22:03:39,Regular,Social Media,Mobile App,11,14367.58,2025-02-09 21:29:57,1021,567,1306.14,Inactive,Medium
CUST1746,Riya Kapoor,customer746@example.com,Female,40,Dehradun,Uttarakhand,2024-11-29 23:43:25,Regular,Social Media,Mobile App,3,6892.68,2025-11-15 00:07:50,639,288,2297.56,Inactive,Medium
CUST1188,Vikram Mishra,customer188@example.com,Male,49,Dehradun,Uttarakhand,2025-07-12 16:23:52,Premium,Paid Ads,Marketplace,7,3887.71,2026-07-12 07:51:42,414,49,555.39,Active,Low
CUST1783,Vikram Mehta,customer783@example.com,Male,20,Noida,Uttar Pradesh,2023-10-03 20:33:20,Regular,Social Media,Website,9,13670.79,2025-08-20 08:51:29,1062,375,1518.98,Inactive,Medium
CUST1261,Rahul Roy,customer261@example.com,Male,54,Delhi,Delhi,2023-08-30 22:00:06,Premium,Social Media,Store,5,10161.99,2025-01-30 07:41:44,1096,577,2032.4,Inactive,Medium
CUST1967,Isha Nair,customer967@example.com,Male,28,Chennai,Tamil Nadu,2024-01-29 04:25:22,Premium,Referral,Marketplace,6,4105.68,2026-01-26 22:54:51,944,216,684.28,Inactive,Low
CUST1026,Kavya Verma,customer26@example.com,Female,56,Pune,Maharashtra,2024-05-22 20:31:37,Premium,Organic Search,Store,3,9609.59,2026-05-01 21:14:59,830,121,3203.2,At Risk,Medium
CUST1147,Pooja Verma,customer147@example.com,Male,25,Mumbai,Maharashtra,2023-12-06 05:58:39,Regular,Email Campaign,Marketplace,7,7385.02,2025-08-08 14:21:09,998,387,1055.0,Inactive,Medium
CUST1120,Aditi Patel,customer120@example.com,Female,49,Delhi,Delhi,2025-01-16 16:32:57,VIP,Email Campaign,Marketplace,10,19615.44,2025-04-26 11:05:22,591,491,1961.54,Inactive,High
CUST1586,Rahul Kumar,customer586@example.com,Female,21,Lucknow,Uttar Pradesh,2023-01-17 09:39:18,Premium,Organic Search,Mobile App,6,9869.84,2026-06-23 18:19:36,1321,68,1644.97,Active,Medium
CUST1132,Priya Kapoor,customer132@example.com,Male,24,Jaipur,Rajasthan,2023-06-07 17:29:35,Premium,Paid Ads,Store,11,5591.34,2025-05-19 03:04:45,1180,468,508.3,Inactive,Medium
CUST1501,Sneha Malhotra,customer501@example.com,Male,51,Lucknow,Uttar Pradesh,2023-09-11 04:19:55,Regular,Email Campaign,Store,7,18450.45,2025-11-07 12:48:40,1084,296,2635.78,Inactive,High
CUST1177,Simran Bansal,customer177@example.com,Male,26,Bengaluru,Karnataka,2025-10-02 19:47:53,Regular,Direct,Marketplace,8,10635.24,2026-07-24 05:42:58,332,37,1329.4,Active,Medium
CUST1719,Riya Mehta,customer719@example.com,Female,29,Bengaluru,Karnataka,2025-08-27 21:52:37,Regular,Referral,Mobile App,6,14401.29,2026-04-28 08:18:32,368,124,2400.22,At Risk,Medium
CUST1352,Ananya Bansal,customer352@example.com,Female,42,Hyderabad,Telangana,2024-11-16 13:42:02,Regular,Organic Search,Marketplace,9,11796.54,2025-05-23 08:19:09,652,464,1310.73,Inactive,Medium
CUST1235,Aman Kumar,customer235@example.com,Male,49,Delhi,Delhi,2024-07-01 17:03:59,Premium,Social Media,Marketplace,13,7349.92,2025-12-01 21:29:32,790,272,565.38,Inactive,Medium
CUST1727,Ankit Singh,customer727@example.com,Female,59,Dehradun,Uttarakhand,2024-02-03 04:03:57,Regular,Social Media,Store,4,2938.14,2025-08-25 23:17:23,939,370,734.54,Inactive,Low
CUST1555,Simran Yadav,customer555@example.com,Male,55,Chandigarh,Chandigarh,2023-06-26 07:42:25,Premium,Paid Ads,Store,6,9559.53,2026-02-25 10:10:40,1161,186,1593.26,Inactive,Medium
CUST1985,Priya Yadav,customer985@example.com,Female,42,Mumbai,Maharashtra,2025-08-25 15:31:19,VIP,Paid Ads,Mobile App,7,9443.99,2025-10-12 13:35:07,370,322,1349.14,Inactive,Medium
CUST1739,Aditya Patel,customer739@example.com,Male,33,Chandigarh,Chandigarh,2024-08-04 01:55:34,Regular,Social Media,Website,4,1896.43,2025-12-17 08:10:57,756,256,474.11,Inactive,Low
CUST1278,Karan Malhotra,customer278@example.com,Female,57,Hyderabad,Telangana,2025-09-16 09:05:26,Regular,Paid Ads,Store,9,5532.06,2026-02-11 10:18:55,348,200,614.67,Inactive,Medium
CUST1608,Neha Patel,customer608@example.com,Other,45,Jaipur,Rajasthan,2024-03-06 06:37:32,Regular,Email Campaign,Mobile App,8,9919.53,2026-04-27 12:50:57,907,125,1239.94,At Risk,Medium
CUST1715,Arjun Chauhan,customer715@example.com,Male,55,Kolkata,West Bengal,2025-01-22 12:24:02,Regular,Paid Ads,Marketplace,8,8622.19,2025-12-17 01:03:02,585,256,1077.77,Inactive,Medium
CUST1698,Rohan Singh,customer698@example.com,Male,34,Delhi,Delhi,2023-06-20 03:38:26,Premium,Email Campaign,Mobile App,2,12018.66,2026-06-20 17:38:25,1167,71,6009.33,Active,Medium
CUST1243,Aman Das,customer243@example.com,Male,49,Ahmedabad,Gujarat,2024-05-28 15:29:19,Premium,Email Campaign,Mobile App,7,8868.33,2026-03-24 21:41:35,824,159,1266.9,At Risk,Medium
CUST1672,Pooja Kapoor,customer672@example.com,Other,25,Ahmedabad,Gujarat,2025-12-12 15:37:16,Regular,Email Campaign,Marketplace,8,4561.44,2025-12-12 15:37:16,261,261,570.18,Inactive,Low
CUST1658,Aditya Roy,customer658@example.com,Female,60,Ahmedabad,Gujarat,2024-01-05 06:45:28,Regular,Organic Search,Mobile App,6,3063.14,2025-09-26 11:23:50,968,338,510.52,Inactive,Low
CUST1141,Neha Roy,customer141@example.com,Female,28,Ahmedabad,Gujarat,2024-03-20 12:07:37,Premium,Paid Ads,Store,2,5529.46,2025-09-17 09:10:19,893,347,2764.73,Inactive,Medium
CUST1764,Neha Kumar,customer764@example.com,Female,55,Lucknow,Uttar Pradesh,2024-08-11 13:02:18,Regular,Referral,Mobile App,8,4073.59,2025-04-26 00:24:58,749,491,509.2,Inactive,Low
CUST1907,Pooja Patel,customer907@example.com,Male,32,Chennai,Tamil Nadu,2023-08-10 12:08:37,Regular,Paid Ads,Marketplace,7,6443.33,2025-09-11 12:05:49,1116,353,920.48,Inactive,Medium
CUST1577,Aditya Roy,customer577@example.com,Female,46,Noida,Uttar Pradesh,2024-09-06 02:36:52,Regular,Referral,Marketplace,9,2355.71,2026-06-29 19:32:33,723,62,261.75,Active,Low
CUST1543,Riya Sharma,customer543@example.com,Female,23,Lucknow,Uttar Pradesh,2025-12-21 05:55:29,Regular,Referral,Website,4,10781.5,2026-06-14 10:04:18,252,77,2695.38,Active,Medium
CUST1216,Priya Singh,customer216@example.com,Male,33,Kolkata,West Bengal,2025-04-05 01:09:06,VIP,Email Campaign,Mobile App,8,11804.77,2025-08-25 03:25:01,512,370,1475.6,Inactive,Medium
CUST1072,Arjun Nair,customer72@example.com,Male,26,Kolkata,West Bengal,2024-04-17 01:01:29,Premium,Paid Ads,Unknown,6,15626.0,2026-08-14 05:06:25,865,16,2604.33,Active,High
CUST1737,Karan Saxena,customer737@example.com,Male,20,Lucknow,Uttar Pradesh,2025-10-31 17:43:28,VIP,Referral,Mobile App,8,1482.27,2025-10-31 17:43:28,303,303,185.28,Inactive,Low
CUST1655,Rahul Roy,customer655@example.com,Male,59,Chandigarh,Chandigarh,2023-08-14 15:00:42,VIP,Direct,Website,10,7832.2,2025-07-10 07:09:36,1112,416,783.22,Inactive,Medium
CUST1880,Vikram Singh,customer880@example.com,Female,41,Noida,Uttar Pradesh,2024-09-29 08:26:12,Regular,Referral,Store,6,11525.62,2025-09-22 12:39:17,700,342,1920.94,Inactive,Medium
CUST1170,Riya Bansal,customer170@example.com,Male,48,Kolkata,West Bengal,2023-02-17 11:35:53,Premium,Social Media,Marketplace,7,19161.67,2026-06-30 13:38:51,1290,61,2737.38,Active,High
CUST1856,Kavya Malhotra,customer856@example.com,Female,22,Noida,Uttar Pradesh,2023-12-03 21:30:57,Regular,Social Media,Website,11,18534.24,2025-03-09 22:07:38,1001,539,1684.93,Inactive,High
CUST1165,Kavya Das,customer165@example.com,Female,20,Delhi,Delhi,2023-05-31 10:33:37,Premium,Organic Search,Marketplace,5,28070.61,2026-01-08 18:36:09,1187,234,5614.12,Inactive,High
CUST1398,Kavya Singh,customer398@example.com,Female,19,Gurugram,Haryana,2024-11-08 23:18:12,Regular,Referral,Mobile App,10,11045.65,2026-01-03 07:50:09,660,239,1104.56,Inactive,Medium
CUST1517,Priya Sharma,customer517@example.com,Male,49,Noida,Uttar Pradesh,2024-03-25 03:47:19,Regular,Email Campaign,Marketplace,11,12449.57,2025-01-30 23:40:15,888,577,1131.78,Inactive,Medium
CUST1722,Rahul Nair,customer722@example.com,Male,31,Chennai,Tamil Nadu,2024-05-22 21:43:43,Premium,Email Campaign,Marketplace,6,3406.24,2025-02-02 21:50:08,830,574,567.71,Inactive,Low
CUST1628,Riya Gupta,customer628@example.com,Female,36,Dehradun,Uttarakhand,2025-02-02 16:09:27,Regular,Email Campaign,Website,7,19749.45,2025-06-29 14:10:02,574,427,2821.35,Inactive,High
CUST1871,Neha Patel,customer871@example.com,Female,52,Hyderabad,Telangana,2023-11-04 18:46:12,Premium,Organic Search,Marketplace,8,3552.24,2026-04-23 07:29:52,1030,129,444.03,At Risk,Low
CUST1399,Ananya Joshi,customer399@example.com,Female,54,Bengaluru,Karnataka,2023-06-12 17:01:11,Premium,Social Media,Store,7,5240.2,2026-01-23 14:19:59,1175,219,748.6,Inactive,Medium
CUST1017,Rahul Saxena,customer17@example.com,Female,38,Jaipur,Rajasthan,2024-12-07 03:20:02,Regular,Social Media,Website,8,2500.54,2026-03-05 16:56:47,631,178,312.57,At Risk,Low
CUST1447,Karan Kumar,customer447@example.com,Female,37,Lucknow,Uttar Pradesh,2024-03-08 23:57:12,Regular,Referral,Website,10,19494.36,2025-07-14 13:57:31,905,412,1949.44,Inactive,High
CUST1503,Vivaan Patel,customer503@example.com,Female,39,Pune,Maharashtra,2025-03-13 23:10:21,Premium,Paid Ads,Mobile App,7,5365.18,2025-11-02 22:54:39,535,301,766.45,Inactive,Medium
CUST1219,Isha Bansal,customer219@example.com,Male,57,Delhi,Delhi,2025-07-03 12:41:59,VIP,Email Campaign,Website,2,14292.28,2025-12-09 00:41:25,423,264,7146.14,Inactive,Medium
CUST1148,Rahul Gupta,customer148@example.com,Female,39,Delhi,Delhi,2025-09-14 07:21:51,Premium,Social Media,Store,5,13500.87,2026-02-14 03:29:42,350,197,2700.17,Inactive,Medium
CUST1784,Sneha Yadav,customer784@example.com,Male,57,Bengaluru,Karnataka,2023-11-20 23:34:51,Regular,Social Media,Marketplace,8,4256.2,2025-02-03 20:20:59,1014,573,532.02,Inactive,Low
CUST1212,Aditya Roy,customer212@example.com,Male,29,Lucknow,Uttar Pradesh,2024-03-03 02:09:37,Premium,Email Campaign,Mobile App,10,7944.7,2026-06-04 00:24:56,910,87,794.47,Active,Medium
CUST1519,Rahul Chauhan,customer519@example.com,Female,57,Kolkata,West Bengal,2023-02-08 05:03:14,Regular,Email Campaign,Website,10,9936.29,2025-04-30 15:18:20,1299,487,993.63,Inactive,Medium
CUST1341,Ankit Singh,customer341@example.com,Female,28,Ahmedabad,Gujarat,2024-10-13 18:37:32,Premium,Paid Ads,Marketplace,4,12322.03,2026-07-27 07:03:14,686,34,3080.51,Active,Medium
CUST1137,Neha Mishra,customer137@example.com,Male,19,Chennai,Tamil Nadu,2024-02-12 02:28:34,VIP,Referral,Mobile App,5,11044.54,2026-04-06 05:40:46,930,146,2208.91,At Risk,Medium
CUST1510,Neha Mishra,customer510@example.com,Female,32,Noida,Uttar Pradesh,2025-08-02 11:19:53,Regular,Referral,Marketplace,9,4459.41,2026-07-13 21:15:10,393,48,495.49,Active,Low
CUST1536,Riya Patel,customer536@example.com,Female,21,Jaipur,Rajasthan,2023-04-28 02:23:10,VIP,Email Campaign,Store,7,15881.99,2026-01-20 19:05:50,1220,222,2268.86,Inactive,High
CUST1839,Pooja Nair,customer839@example.com,Male,31,Ahmedabad,Gujarat,2024-12-27 05:12:55,Regular,Referral,Website,5,16762.42,2026-03-15 14:58:07,611,168,3352.48,At Risk,High
CUST1806,Priya Joshi,customer806@example.com,Male,45,Ahmedabad,Gujarat,2023-06-29 14:11:46,Premium,Paid Ads,Website,8,4648.71,2025-02-07 16:43:50,1158,569,581.09,Inactive,Low
CUST1854,Vivaan Saxena,customer854@example.com,Female,51,Noida,Uttar Pradesh,2023-11-11 01:33:56,Regular,Social Media,Website,5,5909.61,2026-08-05 01:35:29,1023,25,1181.92,Active,Medium
CUST1681,Aditi Kumar,customer681@example.com,Female,56,Hyderabad,Telangana,2025-07-14 07:56:28,Regular,Social Media,Website,10,8451.33,2026-02-17 13:44:15,412,194,845.13,Inactive,Medium
CUST1386,Kavya Mishra,customer386@example.com,Male,32,Delhi,Delhi,2025-11-13 12:26:31,Regular,Email Campaign,Marketplace,11,6291.01,2025-11-13 12:26:31,290,290,571.91,Inactive,Medium
CUST1973,Rohan Gupta,customer973@example.com,Male,40,Kolkata,West Bengal,2023-04-01 17:29:01,Premium,Direct,Marketplace,3,6809.62,2025-04-18 11:22:56,1247,499,2269.87,Inactive,Medium
CUST1111,Vivaan Malhotra,customer111@example.com,Male,56,Lucknow,Uttar Pradesh,2024-08-11 15:30:57,Regular,Social Media,Mobile App,5,15267.78,2025-06-27 09:01:57,749,429,3053.56,Inactive,High
CUST1131,Sneha Verma,customer131@example.com,Female,58,Delhi,Delhi,2024-02-05 09:59:58,Premium,Social Media,Store,9,15481.43,2026-04-15 18:03:49,937,137,1720.16,At Risk,High
CUST1372,Priya Patel,customer372@example.com,Male,24,Bengaluru,Karnataka,2024-12-17 13:48:25,Regular,Social Media,Marketplace,4,7048.36,2025-08-16 04:10:23,621,379,1762.09,Inactive,Medium
CUST1313,Sneha Joshi,customer313@example.com,Unknown,48,Kolkata,West Bengal,2025-07-10 13:25:51,Premium,Referral,Store,8,9429.49,2025-11-29 19:29:21,416,274,1178.69,Inactive,Medium
CUST1066,Kavya Mehta,customer66@example.com,Male,49,Lucknow,Uttar Pradesh,2025-12-24 17:07:14,Regular,Social Media,Marketplace,10,4235.74,2025-12-24 17:07:14,249,249,423.57,Inactive,Low
CUST1954,Isha Shah,customer954@example.com,Male,21,Kolkata,West Bengal,2025-02-17 11:11:57,Premium,Organic Search,Website,6,11969.26,2025-10-07 12:18:37,559,327,1994.88,Inactive,Medium
CUST1819,Aditya Nair,customer819@example.com,Male,54,Pune,Maharashtra,2023-10-13 12:30:00,Regular,Direct,Website,11,10561.15,2025-05-27 15:23:23,1052,460,960.1,Inactive,Medium
CUST1397,Vivaan Verma,customer397@example.com,Male,30,Pune,Maharashtra,2025-11-06 15:22:21,Regular,Social Media,Store,10,3091.92,2026-07-12 01:52:15,297,49,309.19,Active,Low
CUST1127,Ananya Chauhan,customer127@example.com,Male,46,Jaipur,Rajasthan,2025-09-04 20:24:38,Regular,Organic Search,Store,9,8439.77,2026-08-03 15:49:55,360,27,937.75,Active,Medium
CUST1725,Riya Chauhan,customer725@example.com,Male,20,Ahmedabad,Gujarat,2025-07-29 12:29:22,Regular,Social Media,Website,9,8520.9,2025-07-29 12:29:22,397,397,946.77,Inactive,Medium
CUST1393,Aarav Mehta,customer393@example.com,Male,45,Pune,Maharashtra,2025-10-13 10:28:53,Premium,Paid Ads,Website,11,8815.37,2026-01-07 06:54:05,321,235,801.4,Inactive,Medium
CUST1535,Neha Kumar,customer535@example.com,Male,56,Delhi,Delhi,2024-01-23 08:31:48,Regular,Referral,Website,8,24563.91,2025-02-26 21:16:02,950,550,3070.49,Inactive,High
CUST1173,Kavya Reddy,customer173@example.com,Female,44,Lucknow,Uttar Pradesh,2025-05-24 08:22:02,Premium,Organic Search,Marketplace,4,7171.46,2025-12-17 18:19:17,463,256,1792.86,Inactive,Medium
CUST1479,Priya Bansal,customer479@example.com,Female,55,Ahmedabad,Gujarat,2025-04-14 03:39:38,Premium,Referral,Mobile App,9,7051.49,2026-01-25 06:15:32,503,217,783.5,Inactive,Medium
CUST1045,Aditya Joshi,customer45@example.com,Male,39,Chandigarh,Chandigarh,2023-12-19 06:41:46,Regular,Referral,Store,9,11132.94,2026-01-03 20:07:30,985,239,1236.99,Inactive,Medium
CUST1382,Rahul Verma,customer382@example.com,Female,31,Jaipur,Rajasthan,2025-10-22 12:48:58,Regular,Direct,Mobile App,10,7910.64,2026-02-19 17:15:45,312,192,791.06,Inactive,Medium
CUST1617,Sneha Kapoor,customer617@example.com,Female,49,Dehradun,Uttarakhand,2024-07-15 09:05:10,VIP,Organic Search,Mobile App,3,12591.53,2026-06-21 21:50:51,776,70,4197.18,Active,Medium
CUST1740,Isha Patel,customer740@example.com,Female,32,Lucknow,Uttar Pradesh,2025-12-08 17:48:34,Regular,Referral,Store,10,12639.47,2025-12-08 17:48:34,265,265,1263.95,Inactive,Medium
CUST1181,Isha Nair,customer181@example.com,Female,32,Gurugram,Haryana,2024-04-12 06:46:25,Regular,Email Campaign,Website,3,14626.22,2026-04-21 10:11:10,870,131,4875.41,At Risk,Medium
CUST1565,Rohan Malhotra,customer565@example.com,Female,49,Pune,Maharashtra,2025-10-13 08:51:27,Regular,Email Campaign,Website,6,19836.52,2026-07-26 04:13:25,321,35,3306.09,Active,High
CUST1460,Sneha Patel,customer460@example.com,Female,40,Delhi,Delhi,2023-11-09 13:51:39,Regular,Referral,Mobile App,6,18702.56,2025-07-07 20:46:52,1025,419,3117.09,Inactive,High
CUST1670,Priya Shah,customer670@example.com,Male,55,Chennai,Tamil Nadu,2025-11-10 02:16:06,Regular,Email Campaign,Marketplace,4,7923.47,2026-08-30 04:14:11,293,0,1980.87,Active,Medium
CUST1256,Aman Bansal,customer256@example.com,Other,49,Chennai,Tamil Nadu,2025-06-15 15:03:32,Premium,Direct,Store,9,12335.54,2026-08-04 07:21:16,441,26,1370.62,Active,Medium
CUST1363,Ananya Mishra,customer363@example.com,Male,22,Ahmedabad,Gujarat,2025-09-17 02:07:43,VIP,Social Media,Website,3,10564.34,2025-09-17 02:07:43,347,347,3521.45,Inactive,Medium
CUST1912,Kavya Nair,customer912@example.com,Female,19,Dehradun,Uttarakhand,2024-07-04 05:08:20,Regular,Social Media,Marketplace,4,9811.87,2025-10-09 09:41:50,787,325,2452.97,Inactive,Medium
CUST1183,Vivaan Bansal,customer183@example.com,Female,53,Chandigarh,Chandigarh,2023-09-26 16:19:13,Regular,Paid Ads,Marketplace,7,16486.62,2025-12-27 12:54:02,1069,246,2355.23,Inactive,High
CUST1445,Ananya Sharma,customer445@example.com,Female,24,Lucknow,Uttar Pradesh,2025-06-07 23:24:47,Regular,Social Media,Mobile App,6,8047.23,2026-02-05 13:15:04,449,206,1341.2,Inactive,Medium
CUST1796,Vivaan Das,customer796@example.com,Male,18,Gurugram,Haryana,2023-06-28 18:46:26,Premium,Paid Ads,Store,6,11665.1,2025-06-01 16:29:53,1159,455,1944.18,Inactive,Medium
CUST1383,Aditi Verma,customer383@example.com,Female,37,Jaipur,Rajasthan,2024-06-15 07:39:31,Regular,Referral,Website,7,17919.95,2025-10-03 16:50:36,806,331,2559.99,Inactive,High
CUST1861,Arjun Bansal,customer861@example.com,Female,35,Hyderabad,Telangana,2023-03-11 23:10:01,Regular,Direct,Store,7,22034.35,2025-05-21 15:39:24,1268,466,3147.76,Inactive,High
CUST1325,Neha Kumar,customer325@example.com,Male,38,Bengaluru,Karnataka,2024-01-19 07:54:28,Regular,Referral,Store,7,17079.4,2025-11-24 15:18:37,954,279,2439.91,Inactive,High
CUST1358,Aarav Mehta,customer358@example.com,Male,44,Jaipur,Rajasthan,2023-02-20 07:55:30,Regular,Organic Search,Website,4,3682.29,2026-03-23 01:41:20,1287,160,920.57,At Risk,Low
CUST1124,Vivaan Mishra,customer124@example.com,Male,45,Jaipur,Rajasthan,2025-07-20 01:19:29,Regular,Organic Search,Website,5,17384.59,2025-12-07 14:21:51,406,266,3476.92,Inactive,High
CUST1704,Riya Malhotra,customer704@example.com,Male,45,Gurugram,Haryana,2023-12-28 13:37:22,Regular,Direct,Website,6,15717.79,2025-01-10 11:31:12,976,597,2619.63,Inactive,High
CUST1129,Aditi Chauhan,customer129@example.com,Male,33,Dehradun,Uttarakhand,2024-09-28 21:02:33,Regular,Organic Search,Store,10,12791.49,2026-02-02 15:20:25,701,209,1279.15,Inactive,Medium
CUST1864,Sneha Das,customer864@example.com,Male,31,Lucknow,Uttar Pradesh,2024-01-30 02:31:04,Regular,Email Campaign,Website,8,10119.57,2026-04-19 15:22:07,943,133,1264.95,At Risk,Medium
CUST1980,Simran Roy,customer980@example.com,Female,27,Kolkata,West Bengal,2025-12-29 08:56:38,Regular,Direct,Website,6,11579.63,2025-12-29 08:56:38,244,244,1929.94,Inactive,Medium
CUST1217,Aditi Roy,customer217@example.com,Male,25,Chandigarh,Chandigarh,2025-04-19 20:45:47,Premium,Direct,Marketplace,6,14540.59,2025-12-16 08:54:23,498,257,2423.43,Inactive,Medium
CUST1874,Vikram Saxena,customer874@example.com,Male,36,Delhi,Delhi,2024-10-14 11:05:32,Regular,Email Campaign,Website,4,8310.88,2025-02-05 05:04:25,685,571,2077.72,Inactive,Medium
CUST1367,Simran Mishra,customer367@example.com,Female,58,Mumbai,Maharashtra,2024-10-12 22:49:02,Premium,Paid Ads,Store,10,19105.9,2025-02-01 10:03:56,687,575,1910.59,Inactive,High
CUST1866,Kavya Mehta,customer866@example.com,Male,30,Mumbai,Maharashtra,2024-11-01 12:44:50,Regular,Direct,Mobile App,5,5551.77,2025-03-29 09:25:02,667,519,1110.35,Inactive,Medium
CUST1024,Sneha Chauhan,customer24@example.com,Male,59,Noida,Uttar Pradesh,2023-03-01 23:25:30,Premium,Paid Ads,Website,3,9964.98,2025-07-12 11:39:26,1278,414,3321.66,Inactive,Medium
CUST1095,Priya Singh,customer95@example.com,Male,30,Lucknow,Uttar Pradesh,2023-02-23 01:41:55,Premium,Referral,Marketplace,10,18843.9,2025-02-24 02:34:52,1284,552,1884.39,Inactive,High
CUST1898,Priya Joshi,customer898@example.com,Female,21,Chennai,Tamil Nadu,2025-07-11 09:22:51,Regular,Direct,Marketplace,7,18759.93,2025-09-05 20:09:36,415,359,2679.99,Inactive,High
CUST1574,Karan Chauhan,customer574@example.com,Female,20,Ahmedabad,Gujarat,2024-03-28 17:51:04,Premium,Social Media,Mobile App,7,10463.93,2025-09-20 20:41:50,885,344,1494.85,Inactive,Medium
CUST1405,Kavya Roy,customer405@example.com,Female,25,Chennai,Tamil Nadu,2025-12-18 01:39:01,Regular,Referral,Unknown,12,11904.55,2025-12-18 01:39:01,255,255,992.05,Inactive,Medium
CUST1575,Simran Sharma,customer575@example.com,Unknown,29,Gurugram,Haryana,2025-11-10 23:09:45,Regular,Email Campaign,Mobile App,4,11011.31,2026-07-10 13:07:10,293,51,2752.83,Active,Medium
CUST1728,Ankit Malhotra,customer728@example.com,Female,26,Chennai,Tamil Nadu,2024-07-04 17:13:43,Regular,Paid Ads,Store,5,13778.41,2026-06-20 01:55:37,787,71,2755.68,Active,Medium
CUST1570,Simran Kapoor,customer570@example.com,Female,31,Lucknow,Uttar Pradesh,2023-03-28 09:05:31,Regular,Direct,Store,8,11183.8,2025-08-19 16:43:39,1251,376,1397.98,Inactive,Medium
CUST1467,Priya Kapoor,customer467@example.com,Male,56,Gurugram,Haryana,2024-06-15 19:43:49,Regular,Organic Search,Website,3,18563.49,2026-08-28 19:48:27,806,2,6187.83,Active,High
CUST1686,Ankit Sharma,customer686@example.com,Female,55,Kolkata,West Bengal,2024-05-23 18:46:06,Regular,Direct,Website,7,14006.05,2026-06-05 01:50:58,829,86,2000.86,Active,Medium
CUST1636,Ankit Malhotra,customer636@example.com,Male,26,Dehradun,Uttarakhand,2025-07-11 16:57:19,Regular,Referral,Marketplace,9,18549.18,2026-03-06 12:28:23,415,177,2061.02,At Risk,High
CUST1700,Aditi Malhotra,customer700@example.com,Female,53,Chandigarh,Chandigarh,2024-04-15 18:56:54,Regular,Organic Search,Mobile App,5,14462.6,2025-07-11 06:17:45,867,415,2892.52,Inactive,Medium
CUST1329,Sneha Bansal,customer329@example.com,Male,21,Ahmedabad,Gujarat,2025-02-24 17:45:55,Premium,Social Media,Marketplace,8,3122.06,2026-02-13 23:08:48,552,198,390.26,Inactive,Low
CUST1491,Aditya Kapoor,customer491@example.com,Male,57,Mumbai,Maharashtra,2023-11-26 06:07:41,Premium,Email Campaign,Mobile App,8,23430.4,2025-03-08 23:59:57,1008,540,2928.8,Inactive,High
CUST1093,Isha Das,customer93@example.com,Female,46,Noida,Uttar Pradesh,2023-12-29 00:36:05,Regular,Organic Search,Mobile App,8,3303.63,2025-07-21 20:27:56,975,405,412.95,Inactive,Low
CUST1710,Isha Reddy,customer710@example.com,Male,29,Gurugram,Haryana,2025-09-26 18:16:50,Regular,Paid Ads,Marketplace,6,12534.14,2026-04-10 23:00:31,338,142,2089.02,At Risk,Medium
CUST1293,Arjun Kapoor,customer293@example.com,Female,60,Ahmedabad,Gujarat,2025-09-27 17:59:22,Premium,Direct,Marketplace,6,6044.19,2026-08-07 05:54:51,337,23,1007.36,Active,Medium
CUST1669,Kavya Yadav,customer669@example.com,Male,39,Ahmedabad,Gujarat,2023-05-23 08:34:55,Regular,Organic Search,Website,6,12400.95,2025-12-18 03:00:02,1195,255,2066.83,Inactive,Medium
CUST1779,Simran Patel,customer779@example.com,Unknown,52,Gurugram,Haryana,2023-08-27 21:09:39,Regular,Referral,Store,6,6962.49,2025-05-21 12:38:32,1099,466,1160.42,Inactive,Medium
CUST1482,Aditi Saxena,customer482@example.com,Male,39,Hyderabad,Telangana,2025-11-25 10:57:21,Regular,Referral,Website,8,3856.98,2026-07-27 05:29:13,278,34,482.12,Active,Low
CUST1434,Aarav Mehta,customer434@example.com,Female,47,Bengaluru,Karnataka,2024-12-26 02:29:01,Regular,Paid Ads,Store,3,6267.74,2025-02-12 19:07:04,612,564,2089.25,Inactive,Medium
CUST1827,Arjun Shah,customer827@example.com,Male,39,Chennai,Tamil Nadu,2023-01-15 21:16:28,Premium,Paid Ads,Store,3,19666.84,2025-08-15 12:48:22,1323,380,6555.61,Inactive,High
CUST1809,Isha Shah,customer809@example.com,Female,56,Bengaluru,Karnataka,2024-03-13 04:00:35,Regular,Direct,Mobile App,7,9748.04,2025-09-25 23:10:55,900,339,1392.58,Inactive,Medium
CUST1708,Isha Sharma,customer708@example.com,Female,57,Hyderabad,Telangana,2024-09-28 21:27:23,Regular,Direct,Website,6,19990.45,2026-04-19 09:18:26,701,133,3331.74,At Risk,High
CUST1231,Rohan Kumar,customer231@example.com,Female,29,Dehradun,Uttarakhand,2025-02-06 20:11:25,Regular,Organic Search,Website,10,7445.97,2026-08-14 06:41:13,570,16,744.6,Active,Medium
CUST1202,Isha Yadav,customer202@example.com,Female,40,Chennai,Tamil Nadu,2024-11-14 08:35:54,Premium,Social Media,Marketplace,5,3959.49,2025-06-20 03:45:49,654,436,791.9,Inactive,Low
CUST1080,Aditya Sharma,customer80@example.com,Female,45,Mumbai,Maharashtra,2023-05-20 14:59:10,Regular,Paid Ads,Website,9,17079.86,2025-12-31 07:12:37,1198,242,1897.76,Inactive,High
CUST1632,Kavya Yadav,customer632@example.com,Male,48,Delhi,Delhi,2025-01-29 15:33:44,Regular,Paid Ads,Mobile App,9,9301.75,2025-05-12 16:22:21,578,475,1033.53,Inactive,Medium
CUST1527,Ankit Gupta,customer527@example.com,Female,26,Jaipur,Rajasthan,2023-08-21 09:48:59,Regular,Organic Search,Mobile App,4,10098.98,2025-09-02 18:24:19,1105,362,2524.74,Inactive,Medium
CUST1993,Sneha Singh,customer993@example.com,Male,58,Ahmedabad,Gujarat,2023-12-01 08:05:46,Premium,Organic Search,Mobile App,5,4758.41,2026-04-11 15:22:21,1003,141,951.68,At Risk,Low
CUST1804,Kavya Singh,customer804@example.com,Female,30,Jaipur,Rajasthan,2023-01-19 15:48:39,Regular,Paid Ads,Website,3,7164.3,2026-02-12 11:35:54,1319,199,2388.1,Inactive,Medium
CUST1094,Ankit Kumar,customer94@example.com,Female,51,Mumbai,Maharashtra,2024-05-03 13:25:48,Premium,Social Media,Marketplace,10,25552.46,2026-04-19 08:41:19,849,133,2555.25,At Risk,High
CUST1486,Vivaan Chauhan,customer486@example.com,Female,45,Chandigarh,Chandigarh,2025-07-07 02:55:11,Premium,Direct,Mobile App,3,29676.36,2025-07-07 02:55:11,419,419,9892.12,Inactive,High
CUST1489,Vikram Nair,customer489@example.com,Female,55,Kolkata,West Bengal,2025-06-19 12:31:12,Regular,Email Campaign,Mobile App,8,5383.25,2026-04-11 20:12:53,437,141,672.91,At Risk,Medium
CUST1493,Sneha Sharma,customer493@example.com,Male,52,Kolkata,West Bengal,2023-02-27 22:20:31,Regular,Email Campaign,Marketplace,8,7123.21,2026-08-30 13:22:31,1280,0,890.4,Active,Medium
CUST1576,Kavya Bansal,customer576@example.com,Male,48,Chandigarh,Chandigarh,2023-12-20 10:01:57,Regular,Paid Ads,Store,10,16274.41,2026-03-18 09:29:04,984,165,1627.44,At Risk,High
CUST1276,Vikram Yadav,customer276@example.com,Male,23,Pune,Maharashtra,2024-04-26 09:35:40,Regular,Direct,Website,6,3085.49,2025-09-13 03:36:17,856,351,514.25,Inactive,Low
CUST1925,Vivaan Yadav,customer925@example.com,Male,56,Chennai,Tamil Nadu,2025-01-25 06:56:34,Regular,Referral,Website,9,10558.91,2026-04-06 19:13:31,582,146,1173.21,At Risk,Medium
CUST1319,Neha Kapoor,customer319@example.com,Female,32,Ahmedabad,Gujarat,2023-01-31 21:48:12,Premium,Social Media,Marketplace,7,24280.44,2026-05-19 07:40:57,1307,103,3468.63,At Risk,High
CUST1376,Aman Kumar,customer376@example.com,Female,57,Delhi,Delhi,2023-03-31 23:54:39,Regular,Direct,Marketplace,4,6743.19,2026-04-24 01:11:37,1248,128,1685.8,At Risk,Medium
CUST1815,Riya Chauhan,customer815@example.com,Male,29,Delhi,Delhi,2023-04-08 20:26:04,Regular,Email Campaign,Mobile App,7,14521.43,2025-11-09 01:40:09,1240,294,2074.49,Inactive,Medium
CUST1104,Riya Shah,customer104@example.com,Male,34,Chandigarh,Chandigarh,2025-03-13 00:25:18,Regular,Email Campaign,Marketplace,7,8506.42,2026-04-19 23:48:02,535,133,1215.2,At Risk,Medium
CUST1974,Aditya Sharma,customer974@example.com,Female,31,Chennai,Tamil Nadu,2023-10-29 22:44:10,Premium,Referral,Store,7,38085.14,2025-11-01 06:02:48,1036,302,5440.73,Inactive,High
CUST1048,Sneha Kumar,customer48@example.com,Male,54,Kolkata,West Bengal,2023-09-09 06:21:04,Regular,Referral,Store,8,9170.25,2025-11-28 21:11:01,1086,275,1146.28,Inactive,Medium
CUST1879,Simran Nair,customer879@example.com,Female,57,Gurugram,Haryana,2025-07-15 18:12:27,Regular,Paid Ads,Mobile App,5,12614.79,2025-07-15 18:12:27,411,411,2522.96,Inactive,Medium
CUST1027,Aarav Shah,customer27@example.com,Male,33,Mumbai,Maharashtra,2025-10-09 05:44:27,Regular,Organic Search,Mobile App,4,10728.57,2025-10-09 05:44:27,325,325,2682.14,Inactive,Medium
CUST1524,Rohan Roy,customer524@example.com,Male,35,Chandigarh,Chandigarh,2025-03-06 09:33:44,Regular,Social Media,Website,10,5683.27,2026-07-13 17:23:04,542,48,568.33,Active,Medium
CUST2000,Aarav Shah,customer1000@example.com,Female,28,Lucknow,Uttar Pradesh,2025-05-27 20:45:40,Premium,Email Campaign,Website,6,5649.21,2025-08-08 03:44:34,460,387,941.54,Inactive,Medium
CUST1971,Ananya Kapoor,customer971@example.com,Female,26,Ahmedabad,Gujarat,2023-10-29 10:19:35,Regular,Social Media,Website,4,15575.04,2025-07-27 08:02:14,1036,399,3893.76,Inactive,High
CUST1629,Sneha Bansal,customer629@example.com,Male,32,Chennai,Tamil Nadu,2024-11-30 04:54:08,Regular,Social Media,Website,11,7833.01,2025-02-07 22:39:55,638,569,712.09,Inactive,Medium
CUST1775,Rahul Reddy,customer775@example.com,Male,44,Hyderabad,Telangana,2023-10-01 15:11:40,Regular,Paid Ads,Website,9,7236.04,2026-01-03 20:36:09,1064,239,804.0,Inactive,Medium
CUST1908,Vikram Roy,customer908@example.com,Female,60,Lucknow,Uttar Pradesh,2025-11-20 16:18:25,Premium,Email Campaign,Mobile App,9,11047.1,2025-11-20 16:18:25,283,283,1227.46,Inactive,Medium
CUST1321,Aditi Verma,customer321@example.com,Male,52,Mumbai,Maharashtra,2025-03-22 04:22:43,Regular,Email Campaign,Marketplace,3,11237.87,2025-07-21 09:20:42,526,405,3745.96,Inactive,Medium
CUST1322,Aman Reddy,customer322@example.com,Female,20,Kolkata,West Bengal,2025-10-01 20:46:37,Regular,Paid Ads,Website,3,9249.02,2026-01-10 17:52:04,333,232,3083.01,Inactive,Medium
CUST1852,Rahul Yadav,customer852@example.com,Other,40,Jaipur,Rajasthan,2025-08-28 02:39:00,Regular,Organic Search,Website,5,7154.44,2026-07-13 00:57:30,367,48,1430.89,Active,Medium
CUST1902,Arjun Saxena,customer902@example.com,Male,19,Pune,Maharashtra,2025-12-26 08:12:41,Premium,Referral,Mobile App,5,8138.44,2025-12-26 08:12:41,247,247,1627.69,Inactive,Medium
CUST1348,Rahul Yadav,customer348@example.com,Female,21,Pune,Maharashtra,2023-06-13 14:46:45,Premium,Email Campaign,Mobile App,9,3156.35,2026-07-11 21:25:18,1174,50,350.71,Active,Low
CUST1723,Vivaan Mishra,customer723@example.com,Male,42,Bengaluru,Karnataka,2024-01-23 20:52:43,Regular,Social Media,Mobile App,9,14042.51,2026-06-10 09:14:52,950,81,1560.28,Active,Medium
CUST1537,Sneha Das,customer537@example.com,Male,42,Bengaluru,Karnataka,2025-04-06 13:22:09,VIP,Email Campaign,Website,3,16810.88,2025-04-25 05:55:17,511,492,5603.63,Inactive,High
CUST1703,Vivaan Singh,customer703@example.com,Male,57,Pune,Maharashtra,2025-06-09 05:02:45,Premium,Paid Ads,Mobile App,2,8332.08,2025-08-20 12:56:55,447,375,4166.04,Inactive,Medium
CUST1052,Vikram Joshi,customer52@example.com,Female,40,Chennai,Tamil Nadu,2023-03-22 01:54:23,Premium,Organic Search,Marketplace,11,13950.47,2026-05-01 20:01:23,1257,121,1268.22,At Risk,Medium
CUST1149,Aman Mishra,customer149@example.com,Male,23,Kolkata,West Bengal,2024-11-28 08:30:37,Regular,Paid Ads,Website,10,5050.75,2025-04-27 17:48:48,640,490,505.08,Inactive,Medium
CUST1377,Ananya Singh,customer377@example.com,Female,29,Hyderabad,Telangana,2023-04-25 22:14:05,Regular,Direct,Marketplace,4,1329.29,2025-12-25 01:10:12,1223,248,332.32,Inactive,Low
CUST1521,Rahul Bansal,customer521@example.com,Male,43,Pune,Maharashtra,2025-03-26 13:09:37,Regular,Email Campaign,Marketplace,11,11049.2,2025-03-31 10:15:37,522,517,1004.47,Inactive,Medium
CUST1733,Aman Bansal,customer733@example.com,Male,36,Kolkata,West Bengal,2023-08-17 17:48:04,Premium,Direct,Website,6,9610.87,2025-03-14 07:37:07,1109,534,1601.81,Inactive,Medium
CUST1504,Rohan Bansal,customer504@example.com,Female,30,Delhi,Delhi,2025-03-08 13:20:35,VIP,Paid Ads,Store,5,16617.47,2026-03-08 10:45:41,540,175,3323.49,At Risk,High
CUST1595,Sneha Chauhan,customer595@example.com,Female,32,Kolkata,West Bengal,2024-05-17 04:52:27,Premium,Email Campaign,Website,9,6695.46,2026-07-04 01:45:51,835,57,743.94,Active,Medium
CUST1197,Aman Kumar,customer197@example.com,Male,45,Mumbai,Maharashtra,2023-02-23 16:37:02,Premium,Email Campaign,Marketplace,1,4225.63,2026-05-29 07:14:17,1284,93,4225.63,At Risk,Low
CUST1824,Aman Sharma,customer824@example.com,Male,38,Gurugram,Haryana,2024-07-07 23:59:39,Premium,Paid Ads,Marketplace,5,6089.51,2025-03-02 16:44:18,784,546,1217.9,Inactive,Medium
CUST1007,Vivaan Kapoor,customer7@example.com,Male,52,Chennai,Tamil Nadu,2025-10-01 20:00:11,VIP,Direct,Website,5,5207.48,2026-01-09 21:45:09,333,233,1041.5,Inactive,Medium
CUST1078,Neha Verma,customer78@example.com,Female,36,Delhi,Delhi,2025-01-23 09:04:24,Premium,Organic Search,Website,7,7880.51,2025-01-29 18:52:46,584,578,1125.79,Inactive,Medium
CUST1969,Neha Malhotra,customer969@example.com,Male,59,Chandigarh,Chandigarh,2025-12-17 11:10:39,Regular,Direct,Marketplace,5,5004.13,2026-01-09 18:56:13,256,233,1000.83,Inactive,Medium
CUST1150,Kavya Joshi,customer150@example.com,Female,29,Kolkata,West Bengal,2023-03-20 22:08:42,Regular,Paid Ads,Mobile App,6,6258.65,2026-03-15 17:02:28,1259,168,1043.11,At Risk,Medium
CUST1374,Isha Bansal,customer374@example.com,Male,18,Ahmedabad,Gujarat,2024-05-28 10:55:33,Premium,Direct,Store,8,8684.22,2026-07-29 06:49:40,824,32,1085.53,Active,Medium
CUST1210,Aditi Das,customer210@example.com,Female,39,Chandigarh,Chandigarh,2024-11-11 03:45:12,Regular,Paid Ads,Mobile App,14,3833.71,2025-12-21 18:33:31,657,252,273.84,Inactive,Low
CUST1583,Aditya Shah,customer583@example.com,Male,37,Hyderabad,Telangana,2024-08-07 00:04:10,Premium,Organic Search,Store,7,11048.11,2025-09-25 09:04:16,753,339,1578.3,Inactive,Medium
CUST1872,Ankit Yadav,customer872@example.com,Male,34,Dehradun,Uttarakhand,2023-02-16 04:50:18,Regular,Direct,Store,4,17112.69,2026-06-22 13:31:19,1291,69,4278.17,Active,High
CUST1279,Sneha Patel,customer279@example.com,Male,46,Kolkata,West Bengal,2024-05-21 12:11:19,Premium,Social Media,Store,10,11053.64,2026-07-17 13:59:15,831,44,1105.36,Active,Medium
CUST1361,Pooja Joshi,customer361@example.com,Female,28,Bengaluru,Karnataka,2024-05-18 06:54:19,Premium,Social Media,Mobile App,5,4587.35,2025-03-01 19:18:33,834,547,917.47,Inactive,Low
CUST1023,Ananya Joshi,customer23@example.com,Male,53,Jaipur,Rajasthan,2023-11-01 07:46:51,Regular,Paid Ads,Website,3,26655.79,2025-07-28 04:05:03,1033,398,8885.26,Inactive,High
CUST1601,Pooja Reddy,customer601@example.com,Male,40,Mumbai,Maharashtra,2024-01-22 22:47:35,Regular,Email Campaign,Marketplace,6,2711.09,2025-02-10 18:05:40,951,566,451.85,Inactive,Low
CUST1795,Ananya Yadav,customer795@example.com,Male,19,Bengaluru,Karnataka,2023-07-17 13:27:03,Regular,Paid Ads,Mobile App,7,9170.25,2025-09-15 04:12:17,1140,349,1310.04,Inactive,Medium
CUST1896,Pooja Mishra,customer896@example.com,Female,45,Dehradun,Uttarakhand,2023-07-26 13:53:28,Premium,Organic Search,Mobile App,4,12093.92,2025-08-01 08:13:34,1131,394,3023.48,Inactive,Medium
CUST1255,Ankit Joshi,customer255@example.com,Male,21,Delhi,Delhi,2025-08-10 19:27:11,Regular,Email Campaign,Mobile App,7,10715.05,2026-01-20 15:34:30,385,222,1530.72,Inactive,Medium
CUST1941,Aman Roy,customer941@example.com,Male,49,Chandigarh,Chandigarh,2024-12-30 10:12:32,Premium,Paid Ads,Website,6,6477.75,2026-06-23 10:25:26,608,68,1079.62,Active,Medium
CUST1136,Rahul Reddy,customer136@example.com,Female,36,Dehradun,Uttarakhand,2024-10-03 08:32:30,Premium,Organic Search,Store,4,6398.33,2026-06-17 22:23:20,696,74,1599.58,Active,Medium
CUST1324,Isha Mishra,customer324@example.com,Male,22,Lucknow,Uttar Pradesh,2024-12-18 20:48:57,Regular,Organic Search,Store,7,11691.95,2025-07-26 05:20:07,620,400,1670.28,Inactive,Medium
CUST1627,Vikram Sharma,customer627@example.com,Male,57,Bengaluru,Karnataka,2025-04-14 01:24:23,Regular,Referral,Store,7,11710.39,2026-04-03 10:02:16,503,149,1672.91,At Risk,Medium
CUST1314,Sneha Bansal,customer314@example.com,Male,31,Mumbai,Maharashtra,2025-10-23 08:46:02,Regular,Referral,Mobile App,5,8910.73,2025-11-04 22:53:58,311,299,1782.15,Inactive,Medium
CUST1200,Pooja Verma,customer200@example.com,Male,34,Chandigarh,Chandigarh,2023-10-11 04:04:35,Regular,Social Media,Mobile App,3,5712.77,2025-08-02 02:12:28,1054,393,1904.26,Inactive,Medium
CUST1805,Karan Bansal,customer805@example.com,Female,25,Gurugram,Haryana,2025-11-28 15:46:52,Regular,Direct,Store,9,7424.14,2025-11-28 15:46:52,275,275,824.9,Inactive,Medium
CUST1267,Vikram Bansal,customer267@example.com,Male,18,Chennai,Tamil Nadu,2023-04-28 18:53:48,Regular,Direct,Mobile App,9,4897.56,2025-04-05 08:37:09,1220,512,544.17,Inactive,Low
CUST1738,Rahul Reddy,customer738@example.com,Male,44,Kolkata,West Bengal,2024-06-12 06:43:17,Premium,Paid Ads,Marketplace,5,10983.18,2025-10-20 05:08:12,809,314,2196.64,Inactive,Medium
CUST1634,Aditya Patel,customer634@example.com,Female,47,Jaipur,Rajasthan,2025-01-27 07:20:27,Regular,Social Media,Marketplace,3,6442.12,2025-01-29 09:37:23,580,578,2147.37,Inactive,Medium
CUST1381,Vivaan Chauhan,customer381@example.com,Male,46,Hyderabad,Telangana,2024-11-03 04:38:31,Regular,Direct,Store,2,17792.48,2025-07-03 02:02:17,665,423,8896.24,Inactive,High
CUST1801,Riya Reddy,customer801@example.com,Female,29,Lucknow,Uttar Pradesh,2025-08-16 11:56:32,Premium,Email Campaign,Marketplace,9,14242.19,2026-08-12 05:07:38,379,18,1582.47,Active,Medium
CUST1649,Arjun Singh,customer649@example.com,Female,25,Lucknow,Uttar Pradesh,2025-03-13 07:33:14,VIP,Email Campaign,Mobile App,8,12816.72,2025-11-05 15:28:37,535,298,1602.09,Inactive,Medium
CUST1463,Rohan Singh,customer463@example.com,Male,25,Ahmedabad,Gujarat,2023-11-15 16:24:01,Regular,Social Media,Store,6,2243.31,2025-07-16 13:10:51,1019,410,373.88,Inactive,Low
CUST1073,Aditi Sharma,customer73@example.com,Male,59,Noida,Uttar Pradesh,2025-11-14 07:24:04,Premium,Organic Search,Mobile App,7,17509.48,2026-03-21 14:15:57,289,162,2501.35,At Risk,High
CUST1407,Rahul Reddy,customer407@example.com,Female,60,Delhi,Delhi,2025-08-23 00:29:41,Premium,Organic Search,Website,6,14253.07,2025-08-23 00:29:41,372,372,2375.51,Inactive,Medium
CUST1702,Aditya Kumar,customer702@example.com,Female,52,Ahmedabad,Gujarat,2025-04-08 23:01:11,Regular,Referral,Mobile App,14,5623.43,2026-03-31 23:13:21,509,152,401.67,At Risk,Medium
CUST1196,Aarav Chauhan,customer196@example.com,Male,26,Noida,Uttar Pradesh,2023-09-01 02:48:23,Regular,Direct,Marketplace,9,13150.63,2025-01-16 00:16:49,1094,591,1461.18,Inactive,Medium
CUST1046,Ananya Saxena,customer46@example.com,Male,26,Unknown,Karnataka,2023-05-31 17:17:50,Premium,Paid Ads,Website,9,12152.54,2026-08-15 03:37:09,1187,15,1350.28,Active,Medium
CUST1109,Aarav Bansal,customer109@example.com,Female,20,Chennai,Tamil Nadu,2024-12-13 10:53:19,Regular,Paid Ads,Marketplace,4,5450.18,2026-02-22 00:49:57,625,189,1362.54,Inactive,Medium
CUST1135,Arjun Das,customer135@example.com,Female,36,Delhi,Delhi,2023-12-19 01:39:32,Regular,Referral,Marketplace,5,12165.39,2025-07-28 04:54:25,985,398,2433.08,Inactive,Medium
CUST1966,Arjun Mehta,customer966@example.com,Male,39,Noida,Uttar Pradesh,2024-09-03 10:30:37,Regular,Organic Search,Store,3,11473.96,2025-07-27 21:21:47,726,399,3824.65,Inactive,Medium
CUST1043,Ananya Reddy,customer43@example.com,Female,20,Chandigarh,Chandigarh,2023-07-31 01:25:32,Regular,Organic Search,Marketplace,5,11821.62,2025-08-17 00:07:55,1126,378,2364.32,Inactive,Medium
CUST1618,Ankit Joshi,customer618@example.com,Male,46,Hyderabad,Telangana,2023-07-31 15:36:46,Regular,Social Media,Store,9,5757.45,2026-02-01 01:13:45,1126,210,639.72,Inactive,Medium
CUST1440,Aditi Sharma,customer440@example.com,Female,47,Kolkata,West Bengal,2025-10-02 14:40:58,Regular,Direct,Store,3,15198.94,2026-03-29 06:51:03,332,154,5066.31,At Risk,High
CUST1810,Isha Patel,customer810@example.com,Female,48,Gurugram,Haryana,2025-06-09 13:17:47,Regular,Direct,Website,5,18210.19,2025-10-06 09:56:53,447,328,3642.04,Inactive,High
CUST1683,Aarav Saxena,customer683@example.com,Male,34,Delhi,Delhi,2025-08-26 16:15:42,Regular,Email Campaign,Website,8,5762.62,2025-09-17 19:46:54,369,347,720.33,Inactive,Medium
CUST1431,Riya Malhotra,customer431@example.com,Female,25,Delhi,Delhi,2024-06-29 17:55:41,VIP,Email Campaign,Mobile App,8,3197.89,2025-03-01 17:27:47,792,547,399.74,Inactive,Low
CUST1920,Kavya Bansal,customer920@example.com,Female,27,Chennai,Tamil Nadu,2024-09-23 21:15:20,Regular,Referral,Mobile App,7,12070.66,2026-06-04 14:31:02,706,87,1724.38,Active,Medium
CUST1732,Arjun Patel,customer732@example.com,Male,27,Ahmedabad,Gujarat,2024-04-06 18:35:01,Premium,Social Media,Website,8,7732.62,2026-05-26 17:27:49,876,96,966.58,At Risk,Medium
CUST1166,Priya Nair,customer166@example.com,Female,31,Chennai,Tamil Nadu,2024-03-09 11:09:29,VIP,Organic Search,Store,6,9251.22,2025-05-14 00:25:07,904,473,1541.87,Inactive,Medium
CUST1077,Rohan Gupta,customer77@example.com,Male,56,Chandigarh,Chandigarh,2025-03-14 13:24:44,Regular,Social Media,Website,5,10438.75,2025-04-22 01:20:09,534,495,2087.75,Inactive,Medium
CUST1838,Aditi Das,customer838@example.com,Male,34,Mumbai,Maharashtra,2023-04-12 03:08:43,Regular,Paid Ads,Mobile App,10,13635.69,2025-12-14 13:35:15,1236,259,1363.57,Inactive,Medium
CUST1984,Vivaan Singh,customer984@example.com,Male,47,Pune,Maharashtra,2023-07-23 07:32:44,Regular,Social Media,Website,12,14236.82,2025-04-20 09:30:58,1134,497,1186.4,Inactive,Medium
CUST1862,Aarav Saxena,customer862@example.com,Female,21,Lucknow,Uttar Pradesh,2025-11-04 22:10:04,Regular,Paid Ads,Website,10,14459.4,2025-11-04 22:10:04,299,299,1445.94,Inactive,Medium
CUST1580,Isha Malhotra,customer580@example.com,Male,58,Chandigarh,Chandigarh,2024-11-11 15:30:49,Regular,Organic Search,Marketplace,9,5201.13,2025-06-30 03:52:34,657,426,577.9,Inactive,Medium
CUST1153,Neha Sharma,customer153@example.com,Female,32,Chennai,Tamil Nadu,2023-10-16 03:30:28,Regular,Paid Ads,Marketplace,3,1455.46,2025-08-06 16:50:01,1049,389,485.15,Inactive,Low
CUST1291,Priya Patel,customer291@example.com,Female,37,Dehradun,Uttarakhand,2024-01-03 21:24:55,Regular,Paid Ads,Store,6,12735.41,2026-06-12 04:15:55,970,79,2122.57,Active,Medium
CUST1529,Aditya Mehta,customer529@example.com,Male,55,Gurugram,Haryana,2024-11-15 13:45:44,Regular,Direct,Mobile App,6,12334.13,2026-07-31 13:51:15,653,30,2055.69,Active,Medium
CUST1350,Rahul Yadav,customer350@example.com,Male,37,Delhi,Delhi,2025-01-28 12:07:08,Regular,Social Media,Website,7,4434.45,2025-12-06 18:40:11,579,267,633.49,Inactive,Low
CUST1480,Aditi Gupta,customer480@example.com,Male,41,Hyderabad,Telangana,2023-06-16 13:22:34,Premium,Social Media,Website,11,6897.29,2025-12-16 14:45:38,1171,257,627.03,Inactive,Medium
CUST1685,Ankit Kumar,customer685@example.com,Male,36,Jaipur,Rajasthan,2023-01-20 00:24:43,Premium,Organic Search,Marketplace,10,9170.25,2026-02-11 22:23:04,1318,200,917.02,Inactive,Medium
CUST1940,Vivaan Singh,customer940@example.com,Female,57,Ahmedabad,Gujarat,2023-01-25 06:58:49,Premium,Direct,Marketplace,6,7191.46,2025-04-02 14:15:41,1313,515,1198.58,Inactive,Medium
CUST1413,Priya Saxena,customer413@example.com,Female,43,Bengaluru,Karnataka,2023-10-27 17:44:42,Regular,Paid Ads,Website,5,11100.55,2025-04-29 09:48:54,1038,488,2220.11,Inactive,Medium
CUST1640,Vikram Patel,customer640@example.com,Female,51,Noida,Uttar Pradesh,2023-06-10 09:08:21,Regular,Email Campaign,Website,14,2840.57,2025-04-04 04:35:52,1177,513,202.9,Inactive,Low
CUST1437,Ankit Bansal,customer437@example.com,Male,29,Hyderabad,Telangana,2024-03-02 07:09:38,Premium,Direct,Store,9,16820.69,2026-08-04 20:28:33,911,26,1868.97,Active,High
CUST1654,Kavya Kumar,customer654@example.com,Male,57,Lucknow,Uttar Pradesh,2025-07-15 22:07:51,Regular,Organic Search,Store,8,5737.39,2026-04-29 10:52:44,411,123,717.17,At Risk,Medium
CUST1320,Vivaan Patel,customer320@example.com,Female,60,Ahmedabad,Gujarat,2023-06-14 15:04:47,Regular,Social Media,Mobile App,2,11280.69,2025-06-26 10:06:50,1173,430,5640.34,Inactive,Medium
CUST1821,Sneha Gupta,customer821@example.com,Female,18,Pune,Maharashtra,2025-01-11 17:23:53,Premium,Organic Search,Mobile App,9,8712.36,2026-02-01 18:09:21,596,210,968.04,Inactive,Medium
CUST1568,Vivaan Saxena,customer568@example.com,Female,25,Bengaluru,Karnataka,2024-07-17 16:34:35,VIP,Organic Search,Marketplace,8,5796.59,2026-01-31 09:42:39,774,211,724.57,Inactive,Medium
CUST1643,Isha Nair,customer643@example.com,Female,49,Gurugram,Haryana,2025-02-20 14:15:52,Regular,Referral,Mobile App,6,7122.08,2026-02-05 12:14:51,556,206,1187.01,Inactive,Medium
CUST1505,Vivaan Singh,customer505@example.com,Female,42,Hyderabad,Telangana,2023-04-21 08:02:25,VIP,Referral,Store,7,8239.91,2025-03-06 12:22:56,1227,542,1177.13,Inactive,Medium
CUST1621,Pooja Bansal,customer621@example.com,Male,30,Mumbai,Maharashtra,2024-05-13 02:27:35,Regular,Email Campaign,Mobile App,8,14219.22,2025-04-24 16:07:54,839,493,1777.4,Inactive,Medium
CUST1663,Vivaan Reddy,customer663@example.com,Male,46,Mumbai,Maharashtra,2023-08-21 08:31:29,Regular,Email Campaign,Mobile App,12,9742.43,2025-09-01 14:15:38,1105,363,811.87,Inactive,Medium
CUST1899,Ananya Verma,customer899@example.com,Male,43,Kolkata,West Bengal,2023-10-12 05:02:08,Regular,Paid Ads,Website,5,23972.55,2025-11-10 09:15:24,1053,293,4794.51,Inactive,High
CUST1752,Vivaan Reddy,customer752@example.com,Male,40,Noida,Uttar Pradesh,2023-05-29 15:01:12,Regular,Referral,Marketplace,7,17450.91,2025-04-22 10:01:11,1189,495,2492.99,Inactive,High
CUST1867,Arjun Reddy,customer867@example.com,Female,24,Noida,Uttar Pradesh,2025-06-12 08:08:15,Premium,Paid Ads,Marketplace,11,8601.0,2025-06-12 08:08:15,444,444,781.91,Inactive,Medium
CUST1883,Aditi Bansal,customer883@example.com,Male,60,Chandigarh,Chandigarh,2024-02-04 16:36:07,Regular,Referral,Website,8,7849.31,2026-07-24 03:51:51,938,37,981.16,Active,Medium
CUST1172,Aditi Joshi,customer172@example.com,Female,49,Ahmedabad,Gujarat,2024-06-01 01:32:23,Regular,Direct,Website,8,10358.53,2025-10-29 06:10:24,820,305,1294.82,Inactive,Medium
CUST1071,Rahul Mehta,customer71@example.com,Female,51,Noida,Uttar Pradesh,2023-09-12 09:14:58,Regular,Referral,Store,7,8760.89,2026-06-30 07:19:46,1083,61,1251.56,Active,Medium
CUST1225,Neha Malhotra,customer225@example.com,Male,28,Gurugram,Haryana,2024-12-15 21:26:51,Regular,Direct,Store,10,10335.02,2025-11-23 23:40:09,623,280,1033.5,Inactive,Medium
CUST1449,Isha Saxena,customer449@example.com,Male,41,Jaipur,Rajasthan,2024-08-06 17:19:02,Premium,Social Media,Website,8,21806.64,2025-09-04 10:30:07,754,360,2725.83,Inactive,High
CUST1391,Aditi Roy,customer391@example.com,Male,55,Pune,Maharashtra,2024-10-04 20:14:03,Regular,Referral,Store,5,15788.61,2025-09-20 14:15:31,695,344,3157.72,Inactive,High
CUST1832,Ankit Yadav,customer832@example.com,Female,34,Chennai,Tamil Nadu,2025-08-06 05:16:31,Regular,Direct,Marketplace,7,8920.48,2025-08-06 05:16:31,389,389,1274.35,Inactive,Medium
CUST1020,Ankit Roy,customer20@example.com,Male,49,Pune,Maharashtra,2024-04-05 02:53:03,Regular,Paid Ads,Marketplace,7,10906.25,2025-07-30 03:34:47,877,396,1558.04,Inactive,Medium
CUST1550,Aman Chauhan,customer550@example.com,Male,56,Delhi,Delhi,2023-07-01 11:16:26,Regular,Organic Search,Store,10,12393.84,2025-12-10 22:09:06,1156,263,1239.38,Inactive,Medium
CUST1533,Priya Mishra,customer533@example.com,Male,35,Chandigarh,Chandigarh,2023-08-07 08:48:42,Regular,Organic Search,Mobile App,8,10378.35,2026-02-11 06:44:36,1119,200,1297.29,Inactive,Medium
CUST1105,Aman Patel,customer105@example.com,Female,24,Jaipur,Rajasthan,2024-04-05 20:08:46,Regular,Paid Ads,Website,11,14424.37,2025-03-11 00:38:49,877,537,1311.31,Inactive,Medium
CUST1427,Pooja Kumar,customer427@example.com,Unknown,54,Ahmedabad,Gujarat,2023-04-03 01:47:09,Regular,Email Campaign,Store,3,3158.24,2025-02-06 11:51:12,1245,570,1052.75,Inactive,Low
CUST1690,Aditya Das,customer690@example.com,Female,54,Delhi,Delhi,2023-01-01 06:00:50,Regular,Direct,Marketplace,5,7376.23,2025-12-06 22:13:43,1337,267,1475.25,Inactive,Medium
CUST1600,Isha Verma,customer600@example.com,Male,44,Hyderabad,Telangana,2024-03-01 18:06:58,Regular,Organic Search,Mobile App,10,3206.85,2025-09-15 19:40:12,912,349,320.68,Inactive,Low
CUST1991,Kavya Gupta,customer991@example.com,Male,59,Mumbai,Maharashtra,2025-03-02 20:43:50,Regular,Email Campaign,Marketplace,15,4847.61,2025-06-08 23:59:34,546,448,323.17,Inactive,Low
CUST1464,Ankit Mishra,customer464@example.com,Female,46,Dehradun,Uttarakhand,2023-12-06 20:01:07,Regular,Organic Search,Website,7,17119.66,2025-01-01 04:31:31,998,606,2445.67,Inactive,High
CUST1530,Rahul Gupta,customer530@example.com,Male,36,Mumbai,Maharashtra,2024-10-03 14:55:07,Premium,Organic Search,Marketplace,10,5577.18,2026-02-21 14:43:06,696,190,557.72,Inactive,Medium
CUST1849,Aditi Bansal,customer849@example.com,Male,23,Dehradun,Uttarakhand,2025-09-28 01:23:27,Regular,Referral,Store,7,17621.34,2025-10-19 08:39:55,336,315,2517.33,Inactive,High
CUST1284,Aditya Saxena,customer284@example.com,Male,35,Pune,Maharashtra,2024-11-08 18:01:24,Premium,Paid Ads,Marketplace,9,13949.16,2026-01-24 08:09:52,660,218,1549.91,Inactive,Medium
CUST1273,Riya Roy,customer273@example.com,Male,52,Chennai,Tamil Nadu,2025-08-03 09:45:12,Regular,Organic Search,Marketplace,2,15799.67,2025-08-03 09:45:12,392,392,7899.84,Inactive,High
CUST1835,Vikram Roy,customer835@example.com,Male,30,Bengaluru,Karnataka,2025-02-13 11:00:57,Regular,Paid Ads,Website,8,23525.78,2025-06-09 09:42:40,563,447,2940.72,Inactive,High
CUST1820,Karan Roy,customer820@example.com,Female,18,Chennai,Tamil Nadu,2024-04-23 08:38:24,Regular,Direct,Website,11,20058.82,2026-08-12 02:53:49,859,18,1823.53,Active,High
CUST1411,Sneha Kumar,customer411@example.com,Female,46,Noida,Uttar Pradesh,2025-09-13 23:57:58,Premium,Organic Search,Store,7,2540.84,2025-09-13 23:57:58,351,351,362.98,Inactive,Low
CUST1195,Aditya Nair,customer195@example.com,Female,45,Pune,Maharashtra,2023-01-17 09:54:20,Regular,Social Media,Marketplace,6,1892.79,2026-05-19 15:43:45,1321,103,315.46,At Risk,Low
CUST1347,Rohan Shah,customer347@example.com,Female,29,Jaipur,Rajasthan,2025-05-19 20:55:20,Regular,Social Media,Store,3,4672.99,2026-07-06 19:57:56,468,55,1557.66,Active,Low
CUST1005,Aditi Gupta,customer5@example.com,Male,37,Jaipur,Rajasthan,2024-12-22 14:01:52,Regular,Paid Ads,Store,7,13448.36,2025-06-25 17:29:36,616,431,1921.19,Inactive,Medium
CUST1664,Aman Roy,customer664@example.com,Male,38,Gurugram,Haryana,2024-05-20 22:55:43,VIP,Direct,Store,9,4324.91,2026-07-25 22:45:45,832,36,480.55,Active,Low
CUST1062,Arjun Mehta,customer62@example.com,Other,50,Chandigarh,Chandigarh,2025-09-23 09:14:20,Regular,Email Campaign,Website,7,8526.25,2025-10-11 20:15:10,341,323,1218.04,Inactive,Medium
CUST1167,Karan Reddy,customer167@example.com,Male,57,Lucknow,Uttar Pradesh,2025-12-20 07:11:19,Premium,Organic Search,Mobile App,3,5147.79,2025-12-20 07:11:19,253,253,1715.93,Inactive,Medium
CUST1240,Neha Sharma,customer240@example.com,Female,47,Dehradun,Uttarakhand,2024-08-24 15:56:19,Regular,Paid Ads,Store,8,18337.02,2025-11-30 14:34:27,736,273,2292.13,Inactive,High
CUST1647,Arjun Shah,customer647@example.com,Female,31,Kolkata,West Bengal,2023-08-20 04:18:35,Regular,Referral,Store,7,9819.53,2026-06-18 05:11:59,1106,73,1402.79,Active,Medium
CUST1098,Neha Joshi,customer98@example.com,Female,46,Chandigarh,Chandigarh,2025-03-08 05:07:47,Premium,Referral,Store,6,11787.2,2025-03-08 05:07:47,540,540,1964.53,Inactive,Medium
CUST1010,Simran Chauhan,customer10@example.com,Female,18,Bengaluru,Karnataka,2025-10-24 07:54:57,Regular,Direct,Website,9,5121.41,2025-12-02 22:55:55,310,271,569.05,Inactive,Medium
CUST1158,Sneha Joshi,customer158@example.com,Female,32,Dehradun,Uttarakhand,2024-03-17 20:49:34,Premium,Social Media,Marketplace,9,8642.08,2025-02-20 10:18:38,896,556,960.23,Inactive,Medium
CUST1609,Priya Mishra,customer609@example.com,Female,42,Chennai,Tamil Nadu,2024-07-18 23:59:18,Regular,Paid Ads,Store,4,10012.68,2025-05-16 11:33:33,773,471,2503.17,Inactive,Medium
CUST1936,Sneha Shah,customer936@example.com,Female,49,Bengaluru,Karnataka,2025-09-16 12:45:05,Regular,Social Media,Website,11,14267.68,2026-02-27 18:34:42,348,184,1297.06,Inactive,Medium
CUST1302,Aditi Bansal,customer302@example.com,Female,32,Hyderabad,Telangana,2024-10-27 09:15:24,Premium,Paid Ads,Marketplace,6,10736.25,2025-10-21 23:16:15,672,313,1789.38,Inactive,Medium
CUST1891,Priya Reddy,customer891@example.com,Female,54,Mumbai,Maharashtra,2025-11-21 02:20:04,Regular,Referral,Mobile App,9,4403.93,2025-11-21 02:20:04,282,282,489.33,Inactive,Low
CUST1477,Aditya Chauhan,customer477@example.com,Female,48,Lucknow,Uttar Pradesh,2024-12-07 18:38:27,Premium,Email Campaign,Website,6,12780.74,2025-07-20 14:17:32,631,406,2130.12,Inactive,Medium
CUST1248,Aarav Verma,customer248@example.com,Male,53,Lucknow,Uttar Pradesh,2024-02-23 18:59:29,Regular,Email Campaign,Store,7,15826.94,2025-06-03 08:22:01,919,453,2260.99,Inactive,High
CUST1339,Vivaan Das,customer339@example.com,Female,40,Dehradun,Uttarakhand,2023-10-22 09:22:19,Regular,Direct,Store,8,3023.19,2025-12-30 09:45:34,1043,243,377.9,Inactive,Low
CUST1817,Ananya Das,customer817@example.com,Female,39,Jaipur,Rajasthan,2024-12-21 16:15:49,VIP,Social Media,Marketplace,11,12283.14,2026-06-29 01:15:17,617,62,1116.65,Active,Medium
CUST1850,Karan Verma,customer850@example.com,Male,22,Noida,Uttar Pradesh,2025-10-05 04:01:18,Premium,Paid Ads,Website,9,5102.61,2026-08-10 11:46:28,329,20,566.96,Active,Medium
CUST1625,Vikram Saxena,customer625@example.com,Female,38,Delhi,Delhi,2025-06-08 09:21:13,Regular,Referral,Marketplace,11,21169.6,2026-02-08 22:47:20,448,203,1924.51,Inactive,High
CUST1157,Aman Chauhan,customer157@example.com,Male,30,Pune,Maharashtra,2023-06-28 04:01:15,Regular,Social Media,Store,8,5886.98,2026-07-29 23:52:48,1159,32,735.87,Active,Medium
CUST1863,Aditi Bansal,customer863@example.com,Male,34,Jaipur,Rajasthan,2023-10-24 19:56:14,Regular,Direct,Website,4,42727.2,2025-12-31 04:32:49,1041,242,10681.8,Inactive,High
CUST1995,Pooja Kumar,customer995@example.com,Male,31,Delhi,Delhi,2024-02-22 10:10:51,Premium,Organic Search,Website,7,7965.11,2026-03-01 01:06:52,920,182,1137.87,Inactive,Medium
CUST1762,Aarav Mishra,customer762@example.com,Male,38,Mumbai,Maharashtra,2024-08-22 18:25:51,VIP,Email Campaign,Mobile App,11,1174.9,2025-05-01 15:14:45,738,486,106.81,Inactive,Low
CUST1712,Ankit Mehta,customer712@example.com,Male,41,Bengaluru,Karnataka,2023-09-30 01:53:55,Premium,Referral,Store,7,10119.47,2025-10-14 04:35:16,1065,320,1445.64,Inactive,Medium
CUST1233,Rohan Roy,customer233@example.com,Female,40,Chandigarh,Chandigarh,2023-05-04 13:32:07,Regular,Direct,Mobile App,3,1634.86,2025-01-27 02:23:45,1214,580,544.95,Inactive,Low
CUST1952,Ankit Chauhan,customer952@example.com,Female,49,Noida,Uttar Pradesh,2024-01-10 00:33:26,VIP,Direct,Marketplace,9,6404.12,2026-01-07 01:38:35,963,235,711.57,Inactive,Medium
CUST1553,Isha Verma,customer553@example.com,Female,30,Delhi,Delhi,2024-12-20 09:32:51,Premium,Paid Ads,Store,7,9160.6,2026-02-05 15:13:37,618,206,1308.66,Inactive,Medium
CUST1061,Aman Gupta,customer61@example.com,Male,39,Noida,Uttar Pradesh,2023-11-22 10:00:38,Premium,Referral,Mobile App,7,4086.54,2026-02-07 00:34:34,1012,204,583.79,Inactive,Low
CUST1139,Rohan Shah,customer139@example.com,Male,32,Kolkata,West Bengal,2025-06-14 01:19:27,Premium,Social Media,Store,10,11082.92,2025-07-23 21:32:33,442,403,1108.29,Inactive,Medium
CUST1380,Vikram Joshi,customer380@example.com,Male,34,Chennai,Tamil Nadu,2024-02-16 16:25:06,Premium,Referral,Store,10,16513.44,2025-09-18 20:35:32,926,346,1651.34,Inactive,High
CUST1726,Ankit Nair,customer726@example.com,Female,41,Hyderabad,Telangana,2025-11-09 23:07:39,Regular,Paid Ads,Website,6,6103.81,2025-11-09 23:07:39,294,294,1017.3,Inactive,Medium
CUST1387,Aarav Saxena,customer387@example.com,Male,29,Delhi,Delhi,2024-08-26 09:42:30,Regular,Email Campaign,Website,10,26519.98,2026-04-11 13:23:37,734,141,2652.0,At Risk,High
CUST1765,Aman Shah,customer765@example.com,Male,32,Mumbai,Maharashtra,2024-07-08 21:17:57,Premium,Referral,Marketplace,6,6281.25,2025-09-30 09:02:09,783,334,1046.88,Inactive,Medium
CUST1205,Aarav Nair,customer205@example.com,Male,38,Noida,Uttar Pradesh,2024-05-01 02:03:05,VIP,Direct,Marketplace,4,5403.23,2025-10-16 20:24:41,851,318,1350.81,Inactive,Medium
CUST1101,Rahul Nair,customer101@example.com,Male,56,Kolkata,West Bengal,2023-09-09 05:37:22,Regular,Email Campaign,Website,6,4418.32,2025-08-05 19:48:15,1086,390,736.39,Inactive,Low
CUST1102,Isha Verma,customer102@example.com,Other,41,Noida,Uttar Pradesh,2025-12-18 18:26:13,Regular,Paid Ads,Marketplace,6,9179.9,2026-06-19 05:28:05,255,72,1529.98,Active,Medium
CUST1676,Aarav Reddy,customer676@example.com,Female,41,Ahmedabad,Gujarat,2025-09-07 12:41:55,Premium,Organic Search,Mobile App,7,4666.44,2025-09-13 19:35:41,357,351,666.63,Inactive,Low
CUST1997,Aman Chauhan,customer997@example.com,Female,51,Noida,Uttar Pradesh,2024-08-20 22:39:36,Regular,Email Campaign,Marketplace,13,14781.77,2026-03-23 01:38:44,740,160,1137.06,At Risk,Medium
CUST1485,Vivaan Verma,customer485@example.com,Female,28,Chandigarh,Chandigarh,2023-07-07 08:53:48,Regular,Social Media,Website,5,13309.86,2025-04-07 18:02:21,1150,510,2661.97,Inactive,Medium
CUST1978,Aditi Mehta,customer978@example.com,Female,26,Dehradun,Uttarakhand,2023-04-08 16:52:37,Regular,Direct,Mobile App,8,8310.52,2026-06-02 03:43:04,1240,89,1038.82,Active,Medium
CUST1426,Ankit Mehta,customer426@example.com,Female,37,Noida,Uttar Pradesh,2023-10-10 00:09:49,Premium,Paid Ads,Mobile App,7,8254.83,2025-04-07 16:44:31,1055,510,1179.26,Inactive,Medium
CUST1603,Aditya Shah,customer603@example.com,Female,25,Lucknow,Uttar Pradesh,2023-11-28 05:07:05,Premium,Organic Search,Marketplace,7,4175.56,2025-02-04 01:12:17,1006,572,596.51,Inactive,Low
CUST1089,Neha Chauhan,customer89@example.com,Male,27,Pune,Maharashtra,2024-04-25 09:13:58,Premium,Direct,Mobile App,13,19342.33,2025-07-28 15:24:38,857,398,1487.87,Inactive,High
CUST1814,Sneha Reddy,customer814@example.com,Male,42,Noida,Uttar Pradesh,2023-06-08 20:02:41,Regular,Social Media,Mobile App,11,8876.06,2026-05-26 20:21:51,1179,96,806.91,At Risk,Medium
CUST1526,Isha Kumar,customer526@example.com,Male,33,Kolkata,West Bengal,2024-09-14 18:25:36,VIP,Social Media,Website,4,12656.92,2026-03-10 06:08:47,715,173,3164.23,At Risk,Medium
CUST1430,Aman Saxena,customer430@example.com,Male,48,Gurugram,Haryana,2025-10-10 14:10:53,Regular,Email Campaign,Website,7,6352.39,2025-10-10 14:10:53,324,324,907.48,Inactive,Medium
CUST1622,Rahul Verma,customer622@example.com,Male,60,Bengaluru,Karnataka,2025-10-19 15:33:56,Premium,Direct,Store,12,14696.98,2026-03-20 08:03:32,315,163,1224.75,At Risk,Medium
CUST1665,Arjun Gupta,customer665@example.com,Female,38,Dehradun,Uttarakhand,2025-08-13 10:51:46,Premium,Referral,Store,7,5768.56,2026-04-30 21:48:04,382,122,824.08,At Risk,Medium
CUST1932,Aditya Nair,customer932@example.com,Male,21,Chennai,Tamil Nadu,2023-12-01 01:26:08,VIP,Organic Search,Website,4,4493.65,2025-05-02 22:11:55,1003,485,1123.41,Inactive,Low
CUST1963,Aarav Shah,customer963@example.com,Other,39,Noida,Uttar Pradesh,2025-11-03 19:23:54,Regular,Direct,Mobile App,13,12312.5,2025-11-03 19:23:54,300,300,947.12,Inactive,Medium
CUST1053,Rahul Mehta,customer53@example.com,Male,34,Bengaluru,Karnataka,2023-10-13 19:18:59,Premium,Social Media,Marketplace,7,7559.25,2025-07-02 16:02:26,1052,424,1079.89,Inactive,Medium
CUST1931,Rohan Mishra,customer931@example.com,Male,23,Chennai,Tamil Nadu,2023-03-25 08:04:22,Premium,Social Media,Marketplace,8,17280.46,2025-09-09 11:12:44,1254,355,2160.06,Inactive,High
CUST1174,Aman Bansal,customer174@example.com,Female,47,Lucknow,Uttar Pradesh,2023-06-05 22:51:24,Premium,Email Campaign,Store,5,4725.37,2025-03-09 03:39:26,1182,539,945.07,Inactive,Low
CUST1143,Riya Sharma,customer143@example.com,Male,57,Kolkata,West Bengal,2025-06-03 01:56:11,Regular,Referral,Mobile App,9,3371.78,2025-06-03 01:56:11,453,453,374.64,Inactive,Low
CUST1201,Aditi Gupta,customer201@example.com,Female,33,Ahmedabad,Gujarat,2024-11-21 03:24:33,Regular,Paid Ads,Store,7,3513.11,2025-01-02 02:34:32,647,605,501.87,Inactive,Low
CUST1424,Kavya Roy,customer424@example.com,Female,26,Pune,Maharashtra,2023-10-22 20:44:19,Premium,Email Campaign,Mobile App,15,8042.33,2026-02-05 19:24:34,1043,206,536.16,Inactive,Medium
CUST1069,Aman Nair,customer69@example.com,Female,27,Hyderabad,Telangana,2023-11-10 10:49:18,Regular,Social Media,Store,6,12094.01,2026-03-26 05:32:03,1024,157,2015.67,At Risk,Medium
CUST1171,Karan Bansal,customer171@example.com,Female,60,Dehradun,Uttarakhand,2023-11-24 03:47:22,Regular,Organic Search,Marketplace,14,8713.95,2025-11-03 08:36:59,1010,300,622.43,Inactive,Medium
CUST1418,Isha Saxena,customer418@example.com,Female,60,Noida,Uttar Pradesh,2025-05-06 13:34:34,Regular,Direct,Store,6,12429.07,2025-09-06 07:15:38,481,358,2071.51,Inactive,Medium
CUST1772,Neha Sharma,customer772@example.com,Female,60,Gurugram,Haryana,2025-03-20 01:03:21,Regular,Email Campaign,Mobile App,7,6135.29,2026-03-12 10:47:57,528,171,876.47,At Risk,Medium
CUST1406,Sneha Yadav,customer406@example.com,Male,57,Chandigarh,Chandigarh,2025-07-26 03:34:16,Regular,Direct,Store,4,11766.34,2025-07-26 03:34:16,400,400,2941.58,Inactive,Medium
CUST1179,Aman Nair,customer179@example.com,Male,48,Delhi,Delhi,2023-01-25 10:46:08,Premium,Direct,Mobile App,8,9189.8,2026-08-21 14:03:41,1313,9,1148.72,Active,Medium
CUST1513,Vikram Roy,customer513@example.com,Male,32,Unknown,Rajasthan,2025-11-05 02:52:28,VIP,Email Campaign,Mobile App,4,17229.44,2026-07-21 21:33:59,298,40,4307.36,Active,High
CUST1423,Isha Patel,customer423@example.com,Male,41,Chennai,Tamil Nadu,2024-12-08 00:29:20,Premium,Paid Ads,Website,9,4401.61,2025-05-01 11:27:55,630,486,489.07,Inactive,Low
CUST1949,Vikram Shah,customer949@example.com,Male,28,Delhi,Delhi,2023-10-04 19:37:41,Regular,Referral,Website,4,9792.18,2025-08-05 20:44:35,1061,390,2448.04,Inactive,Medium
CUST1003,Vikram Bansal,customer3@example.com,Male,24,Gurugram,Haryana,2023-10-23 07:24:28,Regular,Social Media,Mobile App,10,12625.57,2025-07-21 16:00:28,1042,405,1262.56,Inactive,Medium
CUST1014,Arjun Singh,customer14@example.com,Unknown,59,Jaipur,Rajasthan,2024-07-23 04:13:36,Regular,Email Campaign,Mobile App,3,2452.93,2025-07-10 20:54:59,768,416,817.64,Inactive,Low
CUST1318,Karan Malhotra,customer318@example.com,Male,49,Noida,Uttar Pradesh,2023-11-25 06:21:11,Premium,Referral,Marketplace,5,26857.06,2025-08-08 15:12:28,1009,387,5371.41,Inactive,High
CUST1013,Arjun Shah,customer13@example.com,Female,44,Dehradun,Uttarakhand,2024-11-14 17:14:55,VIP,Direct,Marketplace,12,20427.58,2025-05-10 22:47:38,654,477,1702.3,Inactive,High
CUST1500,Ananya Joshi,customer500@example.com,Male,59,Pune,Maharashtra,2024-05-20 01:02:57,Regular,Direct,Website,8,18954.81,2026-06-21 04:43:55,832,70,2369.35,Active,High
CUST1242,Simran Das,customer242@example.com,Male,47,Jaipur,Rajasthan,2023-06-24 23:08:46,Regular,Referral,Marketplace,6,11731.43,2025-04-28 10:16:23,1163,489,1955.24,Inactive,Medium
CUST1836,Kavya Malhotra,customer836@example.com,Male,34,Hyderabad,Telangana,2025-06-17 15:17:49,Regular,Email Campaign,Website,9,1973.61,2026-07-05 17:20:10,439,56,219.29,Active,Low
CUST1956,Aditi Mehta,customer956@example.com,Male,58,Lucknow,Uttar Pradesh,2023-01-29 19:09:04,Regular,Organic Search,Store,9,5741.08,2025-09-30 09:14:18,1309,334,637.9,Inactive,Medium
CUST1507,Aarav Shah,customer507@example.com,Female,29,Pune,Maharashtra,2023-06-18 00:41:42,Regular,Social Media,Website,7,11368.81,2025-11-20 04:10:30,1169,283,1624.12,Inactive,Medium
CUST1548,Vikram Saxena,customer548@example.com,Male,48,Noida,Uttar Pradesh,2024-04-11 16:10:06,Regular,Direct,Store,6,11373.76,2025-07-31 11:09:16,871,395,1895.63,Inactive,Medium
CUST1119,Sneha Sharma,customer119@example.com,Female,60,Gurugram,Haryana,2025-08-28 12:39:49,Regular,Paid Ads,Website,11,8218.45,2025-08-28 12:39:49,367,367,747.13,Inactive,Medium
CUST1711,Aditya Singh,customer711@example.com,Female,25,Ahmedabad,Gujarat,2025-12-23 21:01:15,Premium,Referral,Marketplace,10,10105.18,2026-02-28 12:31:57,250,183,1010.52,Inactive,Medium
CUST1163,Vivaan Patel,customer163@example.com,Male,20,Chandigarh,Chandigarh,2025-02-02 17:12:09,Regular,Email Campaign,Website,7,13004.98,2025-12-06 23:21:38,574,267,1857.85,Inactive,Medium
CUST1047,Sneha Verma,customer47@example.com,Male,46,Noida,Uttar Pradesh,2023-10-04 19:33:16,Regular,Paid Ads,Marketplace,5,11129.59,2025-09-07 16:57:33,1061,357,2225.92,Inactive,Medium
CUST1419,Aditi Patel,customer419@example.com,Male,24,Noida,Uttar Pradesh,2023-01-29 10:11:58,Regular,Paid Ads,Store,6,12439.7,2025-10-26 05:27:41,1309,308,2073.28,Inactive,Medium
CUST1552,Priya Shah,customer552@example.com,Female,42,Lucknow,Uttar Pradesh,2024-08-15 03:05:30,Premium,Referral,Mobile App,4,7887.06,2025-02-17 19:30:29,745,559,1971.76,Inactive,Medium
CUST1559,Rohan Joshi,customer559@example.com,Other,20,Gurugram,Haryana,2023-11-18 01:38:13,Regular,Social Media,Marketplace,10,6089.99,2025-02-17 06:45:23,1016,559,609.0,Inactive,Medium
CUST1401,Neha Reddy,customer401@example.com,Male,19,Jaipur,Rajasthan,2023-11-16 15:15:24,Premium,Referral,Website,10,17882.41,2025-04-14 15:51:18,1018,503,1788.24,Inactive,High
CUST1038,Aditya Nair,customer38@example.com,Other,40,Dehradun,Uttarakhand,2024-10-17 08:01:58,Regular,Direct,Marketplace,6,14855.84,2025-05-15 12:30:31,682,472,2475.97,Inactive,Medium
CUST1019,Aarav Gupta,customer19@example.com,Male,42,Bengaluru,Karnataka,2025-10-28 14:34:01,Regular,Social Media,Store,7,8646.39,2026-07-11 02:32:36,306,50,1235.2,Active,Medium
CUST1844,Aditya Gupta,customer844@example.com,Male,32,Pune,Maharashtra,2025-09-07 18:40:39,Regular,Social Media,Website,6,19879.39,2026-01-16 08:01:56,357,226,3313.23,Inactive,High
CUST1534,Aditi Saxena,customer534@example.com,Male,33,Bengaluru,Karnataka,2023-12-23 21:40:13,Regular,Organic Search,Mobile App,4,5449.48,2025-06-24 01:16:21,981,432,1362.37,Inactive,Medium
CUST1522,Kavya Roy,customer522@example.com,Female,44,Gurugram,Haryana,2025-06-21 00:05:50,Regular,Direct,Marketplace,6,4415.29,2025-09-12 07:50:19,435,352,735.88,Inactive,Low
CUST1040,Vikram Patel,customer40@example.com,Female,29,Lucknow,Uttar Pradesh,2023-12-12 08:52:14,Regular,Email Campaign,Marketplace,7,14456.33,2026-07-16 20:36:21,992,45,2065.19,Active,Medium
CUST1451,Vikram Roy,customer451@example.com,Female,49,Jaipur,Rajasthan,2025-04-28 08:26:57,Regular,Referral,Mobile App,7,7599.16,2025-09-23 19:12:04,489,341,1085.59,Inactive,Medium
CUST1996,Vivaan Singh,customer996@example.com,Male,52,Jaipur,Rajasthan,2023-12-16 17:07:34,Premium,Email Campaign,Marketplace,12,5865.87,2025-09-18 21:06:28,988,346,488.82,Inactive,Medium
CUST1687,Neha Singh,customer687@example.com,Male,45,Chandigarh,Chandigarh,2023-05-17 11:24:30,Regular,Paid Ads,Store,6,9650.08,2025-05-15 18:05:42,1201,472,1608.35,Inactive,Medium
CUST1379,Simran Patel,customer379@example.com,Female,39,Chandigarh,Chandigarh,2025-09-15 15:11:37,Premium,Paid Ads,Website,5,12067.89,2026-08-11 21:38:37,349,19,2413.58,Active,Medium
CUST1056,Rahul Sharma,customer56@example.com,Female,19,Ahmedabad,Gujarat,2023-03-14 10:17:18,Regular,Social Media,Mobile App,10,4381.69,2025-09-16 05:39:50,1265,348,438.17,Inactive,Low
CUST1277,Karan Bansal,customer277@example.com,Female,42,Kolkata,West Bengal,2025-08-15 16:11:06,Premium,Referral,Website,4,7796.93,2026-03-30 08:53:37,380,153,1949.23,At Risk,Medium
CUST1084,Vivaan Kapoor,customer84@example.com,Female,26,Chandigarh,Chandigarh,2023-01-29 02:45:51,Regular,Paid Ads,Marketplace,3,13394.75,2025-09-16 20:21:26,1309,348,4464.92,Inactive,Medium
CUST1133,Vivaan Nair,customer133@example.com,Female,31,Bengaluru,Karnataka,2024-08-03 09:51:30,Regular,Direct,Store,8,6663.14,2025-03-31 03:28:57,757,517,832.89,Inactive,Medium
CUST1209,Sneha Gupta,customer209@example.com,Male,54,Unknown,Chandigarh,2023-03-10 22:03:52,VIP,Organic Search,Mobile App,8,12849.59,2026-07-07 10:19:18,1269,54,1606.2,Active,Medium
CUST1713,Ananya Kumar,customer713@example.com,Male,33,Noida,Uttar Pradesh,2025-09-06 03:23:16,Regular,Referral,Store,7,11834.56,2026-02-23 10:24:53,358,188,1690.65,Inactive,Medium
CUST1384,Riya Verma,customer384@example.com,Male,50,Kolkata,West Bengal,2024-07-24 06:17:25,Premium,Social Media,Store,7,24087.97,2026-02-26 17:32:32,767,185,3441.14,Inactive,High
CUST1633,Rahul Chauhan,customer633@example.com,Female,40,Delhi,Delhi,2023-04-07 15:46:24,VIP,Social Media,Marketplace,5,6370.64,2026-03-15 21:23:59,1241,168,1274.13,At Risk,Medium
CUST1818,Rahul Sharma,customer818@example.com,Female,57,Delhi,Delhi,2023-12-04 14:32:18,Premium,Referral,Website,10,13829.45,2026-05-09 14:28:19,1000,113,1382.95,At Risk,Medium
CUST1962,Rohan Sharma,customer962@example.com,Male,52,Mumbai,Maharashtra,2025-11-17 04:11:46,Premium,Email Campaign,Website,10,3682.53,2025-11-17 04:11:46,286,286,368.25,Inactive,Low
CUST1769,Priya Sharma,customer769@example.com,Male,41,Pune,Maharashtra,2023-11-02 20:53:12,Regular,Paid Ads,Store,6,4851.34,2025-10-02 00:29:24,1032,332,808.56,Inactive,Low
CUST1169,Kavya Das,customer169@example.com,Female,28,Chandigarh,Chandigarh,2024-03-27 23:53:15,Regular,Paid Ads,Mobile App,3,7192.25,2025-08-11 22:40:02,886,384,2397.42,Inactive,Medium
CUST1562,Ankit Kapoor,customer562@example.com,Female,51,Gurugram,Haryana,2023-08-28 06:07:52,VIP,Social Media,Website,6,12278.97,2025-12-02 20:56:40,1098,271,2046.5,Inactive,Medium
CUST1868,Pooja Chauhan,customer868@example.com,Female,32,Noida,Uttar Pradesh,2023-12-27 01:28:30,Regular,Social Media,Website,7,12775.5,2025-01-26 19:42:55,977,581,1825.07,Inactive,Medium
CUST1789,Kavya Verma,customer789@example.com,Male,22,Dehradun,Uttarakhand,2024-04-05 12:27:20,Regular,Referral,Mobile App,8,13691.72,2025-04-08 06:17:54,877,509,1711.46,Inactive,Medium
CUST1312,Aarav Malhotra,customer312@example.com,Female,55,Jaipur,Rajasthan,2023-05-24 21:40:38,Regular,Referral,Mobile App,10,11572.28,2026-08-30 05:25:42,1194,0,1157.23,Active,Medium
CUST1253,Neha Kumar,customer253@example.com,Male,32,Mumbai,Maharashtra,2023-11-11 21:04:44,Regular,Social Media,Website,6,8010.54,2026-05-22 16:08:27,1023,100,1335.09,At Risk,Medium
CUST1044,Arjun Mishra,customer44@example.com,Male,47,Chandigarh,Chandigarh,2025-09-14 10:07:57,Regular,Social Media,Marketplace,7,15074.5,2026-06-14 14:13:46,350,77,2153.5,Active,High
CUST1875,Aditya Kapoor,customer875@example.com,Female,37,Ahmedabad,Gujarat,2025-02-02 15:17:32,Regular,Referral,Store,8,6107.29,2025-11-27 00:33:28,574,276,763.41,Inactive,Medium
CUST1901,Riya Das,customer901@example.com,Male,49,Delhi,Delhi,2024-06-08 22:19:56,VIP,Referral,Marketplace,8,11163.94,2026-03-28 16:43:29,813,155,1395.49,At Risk,Medium
CUST1439,Sneha Yadav,customer439@example.com,Male,59,Chennai,Tamil Nadu,2024-09-02 03:56:25,VIP,Referral,Store,12,2429.64,2026-02-11 08:45:38,727,200,202.47,Inactive,Low
CUST1656,Aman Mehta,customer656@example.com,Female,28,Mumbai,Maharashtra,2025-03-04 22:50:07,Regular,Referral,Marketplace,3,16077.66,2025-12-27 08:44:10,544,246,5359.22,Inactive,High
CUST1187,Karan Singh,customer187@example.com,Female,56,Gurugram,Haryana,2025-07-03 10:31:55,Premium,Organic Search,Marketplace,7,3906.36,2026-05-11 01:50:34,423,111,558.05,At Risk,Low
CUST1270,Aman Bansal,customer270@example.com,Male,23,Bengaluru,Karnataka,2023-02-16 10:53:02,Regular,Email Campaign,Mobile App,7,8338.17,2026-07-31 18:16:38,1291,30,1191.17,Active,Medium
CUST1709,Isha Yadav,customer709@example.com,Male,50,Noida,Uttar Pradesh,2025-02-27 09:26:18,Premium,Email Campaign,Store,4,5809.42,2026-08-13 21:55:52,549,17,1452.36,Active,Medium
CUST1395,Simran Das,customer395@example.com,Male,47,Chandigarh,Chandigarh,2023-07-22 15:52:18,Regular,Organic Search,Mobile App,8,10849.75,2025-05-14 09:13:05,1135,473,1356.22,Inactive,Medium
CUST1307,Aarav Bansal,customer307@example.com,Male,38,Hyderabad,Telangana,2025-01-10 16:05:27,Regular,Referral,Store,4,6116.8,2025-10-22 14:17:42,597,312,1529.2,Inactive,Medium
CUST1090,Rohan Singh,customer90@example.com,Female,57,Gurugram,Haryana,2025-12-09 19:14:41,Regular,Direct,Website,5,16755.57,2025-12-09 19:14:41,264,264,3351.11,Inactive,High
CUST1744,Karan Gupta,customer744@example.com,Female,43,Gurugram,Haryana,2024-10-19 10:39:38,Regular,Social Media,Store,6,12344.64,2025-06-21 03:20:24,680,435,2057.44,Inactive,Medium
CUST1525,Aditi Saxena,customer525@example.com,Male,30,Bengaluru,Karnataka,2025-09-24 10:49:13,Regular,Organic Search,Store,4,7027.37,2025-09-24 10:49:13,340,340,1756.84,Inactive,Medium
CUST1798,Kavya Shah,customer798@example.com,Male,47,Mumbai,Maharashtra,2024-07-18 05:47:32,Regular,Email Campaign,Mobile App,6,7025.72,2025-01-19 06:21:06,773,588,1170.95,Inactive,Medium
CUST1083,Vikram Roy,customer83@example.com,Male,60,Mumbai,Maharashtra,2023-04-20 15:21:57,Premium,Paid Ads,Store,4,5369.16,2026-03-06 14:00:04,1228,177,1342.29,At Risk,Medium
CUST1606,Vivaan Bansal,customer606@example.com,Female,56,Lucknow,Uttar Pradesh,2023-10-11 04:28:51,Regular,Social Media,Website,6,2370.54,2026-05-05 18:59:24,1054,117,395.09,At Risk,Low
CUST1444,Aarav Joshi,customer444@example.com,Female,51,Ahmedabad,Gujarat,2025-12-27 00:57:29,Premium,Referral,Mobile App,5,4563.67,2025-12-27 00:57:29,246,246,912.73,Inactive,Low
CUST1140,Sneha Malhotra,customer140@example.com,Male,20,Lucknow,Uttar Pradesh,2023-09-03 14:13:07,Premium,Referral,Website,7,10586.74,2025-10-29 02:34:52,1092,305,1512.39,Inactive,Medium
CUST1958,Karan Yadav,customer958@example.com,Male,22,Pune,Maharashtra,2025-10-27 05:56:39,Regular,Social Media,Marketplace,8,14247.85,2026-02-10 10:40:53,307,201,1780.98,Inactive,Medium
CUST1067,Simran Kumar,customer67@example.com,Male,59,Chennai,Tamil Nadu,2025-02-16 12:39:42,Premium,Organic Search,Store,6,6947.1,2025-03-29 15:48:41,560,519,1157.85,Inactive,Medium
CUST1097,Aman Shah,customer97@example.com,Female,51,Hyderabad,Telangana,2025-10-25 12:04:03,Premium,Email Campaign,Store,11,27850.29,2025-10-25 12:04:03,309,309,2531.84,Inactive,High
CUST1590,Neha Yadav,customer590@example.com,Male,30,Hyderabad,Telangana,2025-06-11 20:09:38,Premium,Email Campaign,Mobile App,11,8352.04,2025-07-20 17:45:29,445,406,759.28,Inactive,Medium
CUST1428,Aman Das,customer428@example.com,Male,59,Chennai,Tamil Nadu,2024-09-17 17:13:38,Regular,Organic Search,Marketplace,6,32428.99,2025-08-17 08:25:37,712,378,5404.83,Inactive,High
CUST1551,Aman Bansal,customer551@example.com,Female,25,Lucknow,Uttar Pradesh,2024-11-19 00:43:47,Regular,Direct,Website,6,8879.36,2025-03-21 19:51:28,649,527,1479.89,Inactive,Medium
CUST1468,Ananya Nair,customer468@example.com,Female,45,Lucknow,Uttar Pradesh,2025-11-15 16:32:00,Regular,Organic Search,Marketplace,9,7125.84,2025-12-16 22:15:14,288,257,791.76,Inactive,Medium
CUST1114,Simran Mehta,customer114@example.com,Female,60,Noida,Uttar Pradesh,2023-01-04 07:53:55,Regular,Social Media,Unknown,10,2691.81,2026-03-31 08:43:54,1334,152,269.18,At Risk,Low
CUST1117,Aman Mishra,customer117@example.com,Male,32,Ahmedabad,Gujarat,2023-07-13 23:39:54,Regular,Email Campaign,Website,8,14133.89,2026-01-04 10:05:41,1144,238,1766.74,Inactive,Medium
CUST1220,Riya Nair,customer220@example.com,Female,19,Ahmedabad,Gujarat,2024-12-30 20:20:42,Regular,Organic Search,Marketplace,8,8585.94,2025-06-05 18:20:49,608,451,1073.24,Inactive,Medium
CUST1876,Neha Bansal,customer876@example.com,Male,53,Delhi,Delhi,2025-12-27 10:14:59,VIP,Paid Ads,Website,8,13571.86,2025-12-27 10:14:59,246,246,1696.48,Inactive,Medium
CUST1336,Ananya Chauhan,customer336@example.com,Male,42,Noida,Uttar Pradesh,2023-06-15 07:54:10,VIP,Organic Search,Mobile App,2,30097.54,2025-02-13 22:00:19,1172,563,15048.77,Inactive,High
CUST1107,Simran Mehta,customer107@example.com,Male,22,Gurugram,Haryana,2025-03-11 17:06:27,Premium,Paid Ads,Store,8,6602.96,2026-02-22 18:18:59,537,189,825.37,Inactive,Medium
CUST1591,Rohan Malhotra,customer591@example.com,Male,34,Delhi,Delhi,2025-01-05 09:52:27,Regular,Paid Ads,Unknown,5,2821.49,2025-10-03 11:32:07,602,331,564.3,Inactive,Low
CUST1650,Ankit Shah,customer650@example.com,Male,44,Jaipur,Rajasthan,2023-07-28 03:49:15,Regular,Social Media,Store,5,7985.62,2026-06-22 18:02:01,1129,69,1597.12,Active,Medium
CUST1370,Arjun Kumar,customer370@example.com,Male,36,Mumbai,Maharashtra,2025-04-17 05:39:22,Regular,Direct,Store,7,4745.59,2025-11-01 14:19:16,500,302,677.94,Inactive,Low
CUST1058,Pooja Verma,customer58@example.com,Female,23,Mumbai,Maharashtra,2025-11-11 03:42:21,Premium,Paid Ads,Store,3,8715.05,2025-11-11 03:42:21,292,292,2905.02,Inactive,Medium
CUST1110,Aarav Chauhan,customer110@example.com,Male,24,Jaipur,Rajasthan,2024-08-12 02:08:03,Premium,Email Campaign,Marketplace,2,16290.76,2025-03-04 11:25:02,748,544,8145.38,Inactive,High
CUST1877,Ananya Mehta,customer877@example.com,Female,52,Chennai,Tamil Nadu,2023-01-03 21:30:31,Regular,Social Media,Mobile App,4,9586.4,2025-06-04 22:23:41,1335,452,2396.6,Inactive,Medium
CUST1919,Ankit Patel,customer919@example.com,Female,47,Delhi,Delhi,2023-05-30 06:21:11,Regular,Social Media,Store,7,9035.89,2026-07-29 07:54:35,1188,32,1290.84,Active,Medium
CUST1735,Aditi Reddy,customer735@example.com,Male,41,Chennai,Tamil Nadu,2023-05-08 18:20:04,Regular,Social Media,Mobile App,5,2945.19,2025-09-03 11:10:49,1210,361,589.04,Inactive,Low
CUST1028,Kavya Singh,customer28@example.com,Male,50,Noida,Uttar Pradesh,2023-07-04 16:10:43,VIP,Referral,Mobile App,8,2758.24,2025-07-16 17:40:37,1153,410,344.78,Inactive,Low
CUST1582,Isha Joshi,customer582@example.com,Female,38,Chandigarh,Chandigarh,2024-02-03 19:21:45,Regular,Direct,Store,11,2860.74,2025-11-03 21:41:19,939,300,260.07,Inactive,Low
CUST1677,Rohan Saxena,customer677@example.com,Female,38,Jaipur,Rajasthan,2025-03-19 11:45:50,Regular,Direct,Store,2,9822.74,2026-05-29 13:03:19,529,93,4911.37,At Risk,Medium
CUST1945,Aditi Saxena,customer945@example.com,Male,37,Gurugram,Haryana,2024-11-01 03:23:06,Regular,Email Campaign,Mobile App,6,11982.2,2025-12-07 08:43:33,667,266,1997.03,Inactive,Medium
CUST1416,Isha Bansal,customer416@example.com,Male,37,Delhi,Delhi,2024-03-11 16:51:56,Regular,Referral,Marketplace,10,19939.7,2025-09-04 01:11:39,902,360,1993.97,Inactive,High
CUST1667,Pooja Mishra,customer667@example.com,Male,40,Jaipur,Rajasthan,2025-07-14 07:34:29,Regular,Direct,Mobile App,10,3870.89,2025-07-14 07:34:29,412,412,387.09,Inactive,Low
CUST1250,Simran Singh,customer250@example.com,Male,39,Noida,Uttar Pradesh,2024-12-25 11:34:26,Regular,Organic Search,Store,6,12672.09,2025-05-01 14:18:21,613,486,2112.02,Inactive,Medium
CUST1674,Rahul Reddy,customer674@example.com,Female,52,Lucknow,Uttar Pradesh,2024-10-20 20:44:52,Regular,Email Campaign,Mobile App,4,5523.54,2025-01-10 04:09:13,679,597,1380.88,Inactive,Medium
CUST1224,Karan Joshi,customer224@example.com,Unknown,27,Hyderabad,Telangana,2025-02-03 18:12:27,Regular,Referral,Mobile App,10,3433.15,2025-02-03 18:12:27,573,573,343.32,Inactive,Low
CUST1285,Vikram Patel,customer285@example.com,Female,19,Jaipur,Rajasthan,2024-05-23 08:46:26,Premium,Social Media,Marketplace,9,3330.35,2025-06-11 19:30:05,829,445,370.04,Inactive,Low
CUST1748,Ananya Verma,customer748@example.com,Male,37,Noida,Uttar Pradesh,2023-01-02 12:32:42,Premium,Direct,Store,7,5585.32,2025-03-29 22:17:46,1336,519,797.9,Inactive,Medium
CUST1641,Ankit Bansal,customer641@example.com,Female,33,Chandigarh,Chandigarh,2024-05-13 21:40:20,VIP,Direct,Mobile App,5,14848.93,2026-08-19 22:25:08,839,11,2969.79,Active,Medium
CUST1335,Aditya Mehta,customer335@example.com,Male,60,Chandigarh,Chandigarh,2025-09-09 01:41:15,Regular,Email Campaign,Marketplace,8,4783.16,2025-09-09 01:41:15,355,355,597.9,Inactive,Low
CUST1036,Sneha Kapoor,customer36@example.com,Female,22,Ahmedabad,Gujarat,2023-03-14 05:25:27,Regular,Direct,Marketplace,5,6651.73,2025-09-27 21:03:30,1265,337,1330.35,Inactive,Medium
CUST1947,Rahul Nair,customer947@example.com,Female,20,Chandigarh,Chandigarh,2024-12-29 07:15:45,Regular,Referral,Marketplace,5,11202.62,2025-10-02 18:54:11,609,332,2240.52,Inactive,Medium
CUST1834,Aditi Verma,customer834@example.com,Male,43,Bengaluru,Karnataka,2023-08-03 19:55:10,Regular,Referral,Marketplace,6,8384.81,2025-11-03 17:11:47,1123,300,1397.47,Inactive,Medium
CUST1662,Kavya Singh,customer662@example.com,Male,49,Chennai,Tamil Nadu,2025-09-10 18:22:48,Regular,Email Campaign,Mobile App,3,3095.34,2025-09-10 18:22:48,354,354,1031.78,Inactive,Low
CUST1280,Ankit Nair,customer280@example.com,Female,24,Dehradun,Uttarakhand,2023-12-15 01:12:31,Regular,Organic Search,Mobile App,11,25306.33,2025-01-03 22:21:07,989,604,2300.58,Inactive,High
CUST1895,Vikram Yadav,customer895@example.com,Male,33,Mumbai,Maharashtra,2025-02-27 08:06:14,Regular,Social Media,Mobile App,7,11525.48,2025-03-09 21:02:31,549,539,1646.5,Inactive,Medium
CUST1160,Aditi Joshi,customer160@example.com,Female,46,Delhi,Delhi,2025-01-11 08:20:48,Regular,Referral,Store,4,7250.41,2025-03-19 04:52:06,596,529,1812.6,Inactive,Medium
CUST1689,Riya Mehta,customer689@example.com,Female,55,Noida,Uttar Pradesh,2023-02-28 10:47:38,Premium,Email Campaign,Website,5,4579.38,2025-09-21 21:36:18,1279,343,915.88,Inactive,Low
CUST1223,Vivaan Kapoor,customer223@example.com,Male,29,Ahmedabad,Gujarat,2025-08-10 18:51:08,Premium,Direct,Marketplace,8,20298.86,2026-01-05 05:41:22,385,237,2537.36,Inactive,High
CUST1959,Aditya Kapoor,customer959@example.com,Female,49,Pune,Maharashtra,2024-09-14 20:47:06,VIP,Organic Search,Website,4,10729.24,2025-04-30 08:01:10,715,487,2682.31,Inactive,Medium
CUST1666,Ananya Chauhan,customer666@example.com,Male,57,Gurugram,Haryana,2023-10-06 20:39:35,Premium,Paid Ads,Mobile App,6,3809.16,2025-03-01 06:41:43,1059,547,634.86,Inactive,Low
CUST1983,Priya Joshi,customer983@example.com,Male,40,Mumbai,Maharashtra,2025-05-21 23:06:40,Regular,Paid Ads,Mobile App,8,20193.94,2025-05-21 23:06:40,466,466,2524.24,Inactive,High
CUST1357,Ananya Kapoor,customer357@example.com,Male,35,Pune,Maharashtra,2024-12-11 14:04:31,Regular,Social Media,Store,9,27948.65,2025-09-27 10:54:26,627,337,3105.41,Inactive,High
CUST1659,Aditya Mehta,customer659@example.com,Male,48,Kolkata,West Bengal,2024-04-01 23:40:23,Regular,Social Media,Mobile App,8,7790.15,2025-07-30 06:09:51,881,396,973.77,Inactive,Medium
CUST1015,Aditya Saxena,customer15@example.com,Female,40,Chennai,Tamil Nadu,2024-04-26 12:54:10,Regular,Social Media,Website,6,8237.01,2025-02-22 06:34:59,856,554,1372.84,Inactive,Medium
CUST1466,Riya Roy,customer466@example.com,Male,27,Kolkata,West Bengal,2025-11-26 08:47:38,Regular,Email Campaign,Website,4,4371.65,2025-11-26 08:47:38,277,277,1092.91,Inactive,Low
CUST1893,Vikram Patel,customer893@example.com,Male,21,Jaipur,Rajasthan,2023-02-01 20:38:10,Premium,Organic Search,Mobile App,9,12064.95,2025-06-29 17:26:31,1306,427,1340.55,Inactive,Medium
CUST1125,Rahul Mishra,customer125@example.com,Male,26,Delhi,Delhi,2023-12-16 09:02:00,Regular,Paid Ads,Website,9,5107.64,2025-10-16 05:28:16,988,318,567.52,Inactive,Medium
CUST1274,Sneha Joshi,customer274@example.com,Male,32,Noida,Uttar Pradesh,2024-08-26 20:34:54,Premium,Direct,Store,9,10632.27,2026-04-07 08:51:13,734,145,1181.36,At Risk,Medium
CUST1506,Rahul Gupta,customer506@example.com,Male,35,Lucknow,Uttar Pradesh,2024-01-18 15:04:30,Regular,Organic Search,Marketplace,8,8886.37,2026-05-17 13:24:39,955,105,1110.8,At Risk,Medium
CUST1699,Pooja Patel,customer699@example.com,Female,58,Delhi,Delhi,2025-11-06 13:54:50,Regular,Social Media,Marketplace,7,19671.28,2026-08-25 12:15:09,297,5,2810.18,Active,High
CUST1688,Aditi Verma,customer688@example.com,Male,19,Chennai,Tamil Nadu,2023-11-04 14:23:52,VIP,Social Media,Mobile App,7,5870.62,2026-03-01 20:31:04,1030,182,838.66,Inactive,Medium
CUST1496,Vikram Roy,customer496@example.com,Male,18,Ahmedabad,Gujarat,2024-10-21 16:53:49,Premium,Organic Search,Marketplace,5,11842.79,2025-04-24 23:42:08,678,493,2368.56,Inactive,Medium
CUST1297,Vivaan Singh,customer297@example.com,Female,27,Gurugram,Haryana,2025-12-22 18:21:16,Regular,Referral,Store,8,16570.75,2025-12-22 18:21:16,251,251,2071.34,Inactive,High
CUST1937,Sneha Reddy,customer937@example.com,Female,59,Delhi,Delhi,2023-08-09 20:15:23,Premium,Social Media,Mobile App,14,1609.03,2025-10-05 05:51:21,1117,329,114.93,Inactive,Low
CUST1572,Karan Chauhan,customer572@example.com,Male,52,Chennai,Tamil Nadu,2023-02-02 08:25:26,Regular,Organic Search,Website,4,7771.62,2026-04-20 10:46:59,1305,132,1942.9,At Risk,Medium
CUST1915,Riya Verma,customer915@example.com,Female,56,Delhi,Delhi,2025-08-10 12:38:42,Regular,Direct,Mobile App,7,8469.7,2025-08-10 12:38:42,385,385,1209.96,Inactive,Medium
CUST1785,Kavya Shah,customer785@example.com,Male,27,Gurugram,Haryana,2024-11-12 10:06:32,VIP,Organic Search,Website,3,11797.83,2025-04-19 19:44:57,656,498,3932.61,Inactive,Medium
CUST1612,Vikram Mishra,customer612@example.com,Male,35,Jaipur,Rajasthan,2023-05-31 19:07:27,Premium,Email Campaign,Marketplace,8,16479.61,2025-02-27 04:28:01,1187,549,2059.95,Inactive,High
CUST1509,Ananya Chauhan,customer509@example.com,Female,34,Dehradun,Uttarakhand,2023-01-07 15:24:41,Premium,Referral,Marketplace,7,4181.22,2026-04-21 07:59:28,1331,131,597.32,At Risk,Low
CUST1929,Karan Roy,customer929@example.com,Female,22,Chennai,Tamil Nadu,2025-07-23 03:35:01,Premium,Referral,Store,5,14061.21,2026-05-22 00:29:48,403,100,2812.24,At Risk,Medium
CUST1294,Riya Sharma,customer294@example.com,Female,48,Noida,Uttar Pradesh,2024-07-06 02:28:35,Regular,Paid Ads,Mobile App,3,6695.91,2025-05-31 10:52:11,785,456,2231.97,Inactive,Medium
CUST1156,Aarav Nair,customer156@example.com,Female,19,Jaipur,Rajasthan,2023-10-20 07:37:21,Regular,Organic Search,Mobile App,7,7186.54,2025-06-11 02:21:34,1045,445,1026.65,Inactive,Medium
CUST1870,Sneha Malhotra,customer870@example.com,Male,60,Ahmedabad,Gujarat,2024-09-19 19:51:57,Regular,Paid Ads,Store,8,12157.86,2026-04-01 04:49:42,710,151,1519.73,At Risk,Medium
CUST1777,Arjun Das,customer777@example.com,Male,38,Kolkata,West Bengal,2023-06-01 01:51:44,Regular,Organic Search,Marketplace,10,14069.18,2026-01-27 22:59:40,1186,215,1406.92,Inactive,Medium
CUST1433,Neha Kapoor,customer433@example.com,Female,48,Chennai,Tamil Nadu,2025-11-29 14:38:06,Premium,Direct,Website,11,8316.49,2025-11-29 14:38:06,274,274,756.04,Inactive,Medium
CUST1128,Arjun Kapoor,customer128@example.com,Male,39,Jaipur,Rajasthan,2024-02-29 00:36:34,Regular,Direct,Website,4,4050.8,2025-07-25 14:12:22,913,401,1012.7,Inactive,Low
CUST1459,Riya Reddy,customer459@example.com,Male,57,Lucknow,Uttar Pradesh,2023-04-01 16:08:32,Premium,Email Campaign,Mobile App,10,8590.06,2025-02-07 08:14:47,1247,569,859.01,Inactive,Medium
CUST1244,Arjun Bansal,customer244@example.com,Female,45,Hyderabad,Telangana,2024-08-06 03:55:35,Regular,Paid Ads,Mobile App,4,15203.71,2026-02-05 01:15:59,754,206,3800.93,Inactive,High
CUST1776,Aman Malhotra,customer776@example.com,Male,35,Delhi,Delhi,2025-08-23 18:07:08,Regular,Direct,Website,7,12010.89,2026-08-17 02:26:38,372,13,1715.84,Active,Medium
CUST1840,Rohan Nair,customer840@example.com,Female,23,Delhi,Delhi,2025-04-06 10:59:08,Premium,Social Media,Store,10,13631.61,2025-06-04 02:06:16,511,452,1363.16,Inactive,Medium
CUST1556,Isha Yadav,customer556@example.com,Male,55,Pune,Maharashtra,2025-07-10 07:10:20,Regular,Email Campaign,Mobile App,5,10532.79,2026-08-15 09:09:28,416,15,2106.56,Active,Medium
CUST1415,Pooja Shah,customer415@example.com,Male,34,Bengaluru,Karnataka,2023-02-13 16:48:22,Regular,Referral,Website,7,8144.97,2025-02-08 19:15:30,1294,568,1163.57,Inactive,Medium
CUST1558,Vivaan Saxena,customer558@example.com,Female,47,Jaipur,Rajasthan,2024-10-29 17:21:47,Regular,Organic Search,Marketplace,8,8781.02,2026-08-14 17:21:05,670,16,1097.63,Active,Medium
CUST1538,Riya Roy,customer538@example.com,Female,49,Noida,Uttar Pradesh,2025-07-31 08:05:07,Regular,Referral,Website,5,7011.72,2026-03-27 14:14:15,395,156,1402.34,At Risk,Medium
CUST1375,Ankit Bansal,customer375@example.com,Male,32,Hyderabad,Telangana,2025-12-19 00:19:30,Regular,Direct,Unknown,7,6507.59,2025-12-19 00:19:30,254,254,929.66,Inactive,Medium
CUST1394,Sneha Chauhan,customer394@example.com,Male,43,Chandigarh,Chandigarh,2025-01-09 06:28:58,Premium,Social Media,Marketplace,10,12322.47,2025-06-01 06:10:53,598,455,1232.25,Inactive,Medium
CUST1354,Ananya Nair,customer354@example.com,Other,28,Delhi,Delhi,2023-12-29 01:11:35,Premium,Organic Search,Website,7,30288.52,2025-04-23 18:25:47,975,494,4326.93,Inactive,High
CUST1668,Pooja Roy,customer668@example.com,Male,23,Hyderabad,Telangana,2024-05-07 10:39:11,Premium,Organic Search,Marketplace,8,8819.89,2026-04-30 12:03:01,845,122,1102.49,At Risk,Medium
CUST1422,Isha Chauhan,customer422@example.com,Male,40,Chandigarh,Chandigarh,2023-06-12 12:33:28,Regular,Referral,Website,3,14743.51,2026-06-25 07:44:03,1175,66,4914.5,Active,Medium
CUST1453,Neha Singh,customer453@example.com,Male,54,Pune,Maharashtra,2024-03-06 19:10:01,Premium,Email Campaign,Website,6,30107.92,2025-11-12 16:19:53,907,291,5017.99,Inactive,High
CUST1103,Ananya Mishra,customer103@example.com,Male,43,Ahmedabad,Gujarat,2023-01-06 20:49:55,Premium,Email Campaign,Mobile App,7,5581.45,2025-11-22 13:54:09,1332,281,797.35,Inactive,Medium
CUST1816,Simran Roy,customer816@example.com,Female,18,Ahmedabad,Gujarat,2025-06-08 15:15:36,Regular,Direct,Mobile App,5,15050.48,2025-07-31 19:23:04,448,395,3010.1,Inactive,High
CUST1729,Simran Patel,customer729@example.com,Male,43,Hyderabad,Telangana,2023-05-04 14:49:15,Regular,Paid Ads,Store,6,9808.64,2025-06-27 08:18:11,1214,429,1634.77,Inactive,Medium
CUST1021,Isha Kumar,customer21@example.com,Male,49,Chennai,Tamil Nadu,2024-07-15 20:26:45,Regular,Direct,Mobile App,11,5862.05,2025-12-05 05:35:25,776,268,532.91,Inactive,Medium
CUST1718,Isha Reddy,customer718@example.com,Male,33,Hyderabad,Telangana,2025-05-11 21:31:59,Regular,Paid Ads,Marketplace,10,10095.56,2025-05-31 21:39:38,476,456,1009.56,Inactive,Medium
CUST1032,Ananya Malhotra,customer32@example.com,Male,52,Lucknow,Uttar Pradesh,2023-07-24 16:53:46,Regular,Email Campaign,Mobile App,1,15493.85,2025-06-16 01:55:32,1133,440,15493.85,Inactive,High
CUST1968,Ankit Roy,customer968@example.com,Female,30,Chandigarh,Chandigarh,2025-01-10 00:35:37,Regular,Paid Ads,Mobile App,10,7013.46,2026-08-30 14:59:16,597,0,701.35,Active,Medium
CUST1245,Karan Shah,customer245@example.com,Male,38,Delhi,Delhi,2024-06-27 21:21:28,Regular,Referral,Mobile App,3,2831.03,2026-03-04 17:03:35,794,179,943.68,At Risk,Low
CUST1542,Vikram Shah,customer542@example.com,Female,54,Chennai,Tamil Nadu,2023-03-30 15:57:58,Regular,Referral,Store,4,8435.47,2025-11-06 13:02:02,1249,297,2108.87,Inactive,Medium
CUST1309,Isha Saxena,customer309@example.com,Female,47,Hyderabad,Telangana,2024-07-15 14:17:36,Regular,Organic Search,Mobile App,10,8259.93,2026-04-13 08:52:11,776,139,825.99,At Risk,Medium
CUST1921,Vivaan Mehta,customer921@example.com,Male,55,Kolkata,West Bengal,2024-11-17 09:36:14,Premium,Social Media,Mobile App,7,13135.48,2025-12-10 17:30:12,651,263,1876.5,Inactive,Medium
CUST1092,Priya Saxena,customer92@example.com,Female,18,Lucknow,Uttar Pradesh,2025-03-31 10:36:45,Regular,Organic Search,Website,10,10974.28,2026-05-12 09:40:21,517,110,1097.43,At Risk,Medium
CUST1755,Ankit Reddy,customer755@example.com,Female,19,Pune,Maharashtra,2024-01-23 02:10:52,Regular,Paid Ads,Mobile App,7,27717.25,2026-06-07 11:41:12,950,84,3959.61,Active,High
CUST1054,Aditi Kumar,customer54@example.com,Male,57,Kolkata,West Bengal,2024-09-16 07:02:51,Regular,Referral,Marketplace,6,35202.8,2025-04-02 03:37:37,713,515,5867.13,Inactive,High
CUST1457,Riya Roy,customer457@example.com,Female,57,Lucknow,Uttar Pradesh,2025-05-17 21:05:53,Regular,Organic Search,Website,8,9113.41,2026-04-17 00:47:48,470,135,1139.18,At Risk,Medium
CUST1461,Neha Reddy,customer461@example.com,Male,57,Jaipur,Rajasthan,2025-04-12 06:31:16,Regular,Direct,Mobile App,9,1572.2,2026-01-19 00:09:03,505,223,174.69,Inactive,Low
CUST1653,Arjun Kapoor,customer653@example.com,Male,60,Lucknow,Uttar Pradesh,2025-04-16 02:28:02,Premium,Organic Search,Store,6,18878.73,2026-01-14 06:39:00,501,228,3146.46,Inactive,High
CUST1436,Neha Nair,customer436@example.com,Male,56,Delhi,Delhi,2025-04-27 19:47:36,Regular,Social Media,Mobile App,9,8672.75,2025-06-17 21:34:14,490,439,963.64,Inactive,Medium
CUST1564,Arjun Kumar,customer564@example.com,Female,39,Chennai,Tamil Nadu,2024-01-28 06:24:54,Regular,Paid Ads,Website,7,10398.51,2026-04-29 19:19:03,945,123,1485.5,At Risk,Medium
CUST1442,Riya Sharma,customer442@example.com,Male,36,Bengaluru,Karnataka,2023-08-14 08:35:11,Regular,Social Media,Store,5,4665.01,2026-06-14 21:25:16,1112,77,933.0,Active,Low
CUST1118,Aditi Chauhan,customer118@example.com,Unknown,46,Gurugram,Haryana,2025-04-11 09:06:44,Premium,Paid Ads,Store,12,5964.35,2025-05-06 08:32:49,506,481,497.03,Inactive,Medium
CUST1446,Ananya Reddy,customer446@example.com,Female,51,Pune,Maharashtra,2023-03-02 19:30:30,Premium,Organic Search,Website,9,26469.28,2025-02-22 15:52:59,1277,554,2941.03,Inactive,High
CUST1648,Rahul Sharma,customer648@example.com,Male,25,Delhi,Delhi,2024-12-09 18:31:45,Premium,Organic Search,Store,5,27211.54,2025-05-09 16:02:20,629,478,5442.31,Inactive,High
CUST1807,Sneha Saxena,customer807@example.com,Female,47,Kolkata,West Bengal,2025-12-08 11:34:21,Regular,Direct,Store,7,4624.8,2025-12-08 11:34:21,265,265,660.69,Inactive,Low
CUST1760,Ankit Sharma,customer760@example.com,Male,37,Lucknow,Uttar Pradesh,2024-07-04 21:10:01,Premium,Referral,Mobile App,7,6346.6,2025-04-27 01:16:28,787,490,906.66,Inactive,Medium
CUST1458,Aman Shah,customer458@example.com,Male,25,Mumbai,Maharashtra,2025-03-11 21:48:16,Premium,Organic Search,Store,6,4903.84,2025-11-01 01:49:42,537,302,817.31,Inactive,Low
CUST1265,Rahul Roy,customer265@example.com,Male,45,Pune,Maharashtra,2024-07-02 07:47:27,Regular,Email Campaign,Mobile App,6,12162.89,2026-08-03 08:14:53,789,27,2027.15,Active,Medium
CUST1900,Neha Reddy,customer900@example.com,Male,45,Jaipur,Rajasthan,2025-02-07 11:07:45,Regular,Organic Search,Store,4,7789.82,2025-12-17 16:41:25,569,256,1947.46,Inactive,Medium
CUST1889,Arjun Mehta,customer889@example.com,Male,23,Chennai,Tamil Nadu,2024-01-24 06:54:31,Regular,Social Media,Website,5,19296.71,2026-01-25 01:08:21,949,217,3859.34,Inactive,High
CUST1615,Aarav Roy,customer615@example.com,Male,56,Delhi,Delhi,2025-09-10 19:09:40,Regular,Direct,Mobile App,4,12518.57,2026-05-30 21:12:01,354,92,3129.64,At Risk,Medium
CUST1262,Priya Nair,customer262@example.com,Female,37,Mumbai,Maharashtra,2025-03-18 11:11:26,Regular,Referral,Mobile App,6,8683.69,2025-03-18 11:11:26,530,530,1447.28,Inactive,Medium
CUST1070,Ananya Roy,customer70@example.com,Female,53,Noida,Uttar Pradesh,2025-12-05 09:15:31,Regular,Referral,Store,7,10268.54,2026-02-18 15:17:29,268,193,1466.93,Inactive,Medium
CUST1030,Sneha Malhotra,customer30@example.com,Male,26,Delhi,Delhi,2023-11-08 01:27:17,VIP,Email Campaign,Store,8,8331.12,2026-08-07 12:37:13,1026,23,1041.39,Active,Medium
CUST1757,Vikram Kapoor,customer757@example.com,Male,20,Chandigarh,Chandigarh,2023-11-27 18:00:55,Regular,Email Campaign,Website,9,8627.81,2025-05-02 08:58:49,1007,485,958.65,Inactive,Medium
CUST1230,Arjun Joshi,customer230@example.com,Female,19,Jaipur,Rajasthan,2023-12-09 16:57:45,Regular,Social Media,Marketplace,4,4589.83,2025-03-22 13:23:39,995,526,1147.46,Inactive,Low
CUST1497,Isha Malhotra,customer497@example.com,Female,48,Lucknow,Uttar Pradesh,2025-05-29 05:07:41,Regular,Social Media,Website,8,17157.2,2025-11-06 11:58:47,458,297,2144.65,Inactive,High
CUST1778,Aditi Chauhan,customer778@example.com,Male,45,Ahmedabad,Gujarat,2024-02-11 17:39:34,VIP,Organic Search,Website,6,29969.01,2026-03-11 10:35:11,931,172,4994.84,At Risk,High
CUST1443,Vivaan Sharma,customer443@example.com,Female,28,Mumbai,Maharashtra,2025-09-18 08:59:33,Regular,Organic Search,Marketplace,6,4706.3,2025-09-18 08:59:33,346,346,784.38,Inactive,Low
CUST1327,Aditya Mehta,customer327@example.com,Female,36,Noida,Uttar Pradesh,2025-10-05 09:52:01,Regular,Referral,Website,4,9133.73,2025-12-26 17:49:42,329,247,2283.43,Inactive,Medium
CUST1837,Isha Kumar,customer837@example.com,Male,55,Ahmedabad,Gujarat,2025-03-30 02:36:01,Regular,Social Media,Website,2,5369.01,2026-08-22 08:10:00,518,8,2684.5,Active,Medium
CUST1691,Sneha Gupta,customer691@example.com,Male,21,Kolkata,West Bengal,2024-09-09 12:58:14,Regular,Referral,Website,9,14678.8,2025-10-04 09:16:51,720,330,1630.98,Inactive,Medium
CUST1858,Priya Mehta,customer858@example.com,Female,37,Jaipur,Rajasthan,2023-06-27 21:57:48,Regular,Email Campaign,Marketplace,8,13622.85,2025-12-15 02:53:45,1160,258,1702.86,Inactive,Medium
CUST1909,Isha Gupta,customer909@example.com,Female,48,Ahmedabad,Gujarat,2025-08-06 12:32:10,VIP,Referral,Marketplace,5,11894.79,2026-01-23 17:26:37,389,219,2378.96,Inactive,Medium
CUST1332,Vikram Singh,customer332@example.com,Male,60,Delhi,Delhi,2024-02-13 02:49:22,Premium,Social Media,Mobile App,4,4475.92,2026-03-01 01:58:34,929,182,1118.98,Inactive,Low
CUST1563,Ankit Das,customer563@example.com,Female,33,Kolkata,West Bengal,2024-12-25 03:17:40,Regular,Paid Ads,Marketplace,7,17162.04,2026-06-07 12:23:20,613,84,2451.72,Active,High
CUST1159,Ankit Mishra,customer159@example.com,Male,37,Bengaluru,Karnataka,2023-04-20 08:46:08,Regular,Social Media,Marketplace,10,4701.55,2025-04-20 06:26:14,1228,497,470.16,Inactive,Low
CUST1425,Aditi Verma,customer425@example.com,Female,52,Bengaluru,Karnataka,2024-05-02 06:51:57,Regular,Social Media,Website,10,1631.17,2025-03-29 16:44:04,850,519,163.12,Inactive,Low
CUST1602,Isha Chauhan,customer602@example.com,Female,25,Hyderabad,Telangana,2025-10-22 00:36:23,Premium,Organic Search,Store,10,4053.68,2025-10-22 00:36:23,312,312,405.37,Inactive,Low
CUST1488,Rohan Patel,customer488@example.com,Female,22,Bengaluru,Karnataka,2025-10-23 12:25:08,Regular,Direct,Website,8,10987.33,2025-10-23 12:25:08,311,311,1373.42,Inactive,Medium
CUST1317,Neha Mehta,customer317@example.com,Female,53,Dehradun,Uttarakhand,2024-02-04 21:18:45,Regular,Direct,Website,8,6769.87,2026-06-23 03:55:46,938,68,846.23,Active,Medium
CUST1263,Rohan Kumar,customer263@example.com,Female,29,Mumbai,Maharashtra,2024-07-11 17:52:13,Regular,Organic Search,Marketplace,3,8589.99,2025-02-24 06:11:41,780,552,2863.33,Inactive,Medium
CUST1099,Rahul Malhotra,customer99@example.com,Male,30,Jaipur,Rajasthan,2024-07-12 22:19:18,Premium,Direct,Marketplace,6,7095.23,2026-07-07 07:00:34,779,54,1182.54,Active,Medium
CUST1660,Vivaan Roy,customer660@example.com,Other,34,Hyderabad,Telangana,2025-04-30 23:52:59,Premium,Organic Search,Store,6,8933.18,2025-05-19 14:53:57,487,468,1488.86,Inactive,Medium
CUST1599,Simran Kumar,customer599@example.com,Female,25,Chennai,Tamil Nadu,2024-12-24 00:00:18,Regular,Organic Search,Store,5,7965.25,2026-05-22 10:05:43,614,100,1593.05,At Risk,Medium
CUST1843,Aditi Mishra,customer843@example.com,Female,25,Chennai,Tamil Nadu,2024-09-10 22:58:11,Premium,Paid Ads,Marketplace,5,5101.0,2026-04-06 18:42:38,719,146,1020.2,At Risk,Medium
CUST1951,Rahul Shah,customer951@example.com,Female,34,Unknown,Maharashtra,2023-07-06 19:05:53,VIP,Organic Search,Website,8,15589.48,2025-12-01 01:35:28,1151,272,1948.68,Inactive,High
CUST1059,Neha Joshi,customer59@example.com,Female,35,Hyderabad,Telangana,2025-08-27 06:22:05,Premium,Referral,Marketplace,8,14692.83,2026-03-24 21:49:32,368,159,1836.6,At Risk,Medium
CUST1679,Aarav Yadav,customer679@example.com,Female,57,Delhi,Delhi,2025-11-24 14:52:49,Regular,Direct,Mobile App,6,6453.66,2026-06-19 13:48:51,279,72,1075.61,Active,Medium
CUST1923,Vivaan Sharma,customer923@example.com,Male,22,Noida,Uttar Pradesh,2024-07-12 06:53:31,Regular,Direct,Store,5,9958.79,2026-08-28 15:16:12,779,2,1991.76,Active,Medium
CUST1768,Simran Gupta,customer768@example.com,Female,38,Chennai,Tamil Nadu,2023-09-01 03:07:24,Regular,Paid Ads,Marketplace,8,7169.45,2026-07-31 11:51:37,1094,30,896.18,Active,Medium
CUST1791,Ankit Joshi,customer791@example.com,Female,55,Lucknow,Uttar Pradesh,2023-08-06 12:45:44,Regular,Direct,Mobile App,4,6900.03,2026-02-20 11:11:58,1120,191,1725.01,Inactive,Medium
CUST1252,Kavya Kapoor,customer252@example.com,Male,56,Kolkata,West Bengal,2023-02-25 06:46:55,Regular,Paid Ads,Store,4,10666.66,2025-01-06 12:33:30,1282,601,2666.66,Inactive,Medium
CUST1041,Kavya Patel,customer41@example.com,Female,40,Noida,Uttar Pradesh,2025-08-18 13:21:43,Regular,Social Media,Unknown,3,10224.98,2026-05-13 12:20:47,377,109,3408.33,At Risk,Medium
CUST1116,Karan Nair,customer116@example.com,Male,20,Gurugram,Haryana,2025-08-12 11:37:33,Regular,Social Media,Website,3,4512.55,2026-03-30 22:56:56,383,153,1504.18,At Risk,Low
CUST1579,Aditya Shah,customer579@example.com,Female,42,Delhi,Delhi,2023-11-19 17:28:36,VIP,Paid Ads,Marketplace,9,4637.39,2026-06-16 17:05:46,1015,75,515.27,Active,Low
CUST1016,Simran Nair,customer16@example.com,Female,42,Hyderabad,Telangana,2025-06-08 13:41:37,Regular,Social Media,Website,7,6456.29,2026-07-18 14:33:34,448,43,922.33,Active,Medium
CUST1554,Aarav Sharma,customer554@example.com,Female,49,Mumbai,Maharashtra,2024-04-09 22:25:52,Regular,Email Campaign,Marketplace,4,12600.42,2025-06-01 16:28:33,873,455,3150.1,Inactive,Medium
CUST1745,Aarav Kapoor,customer745@example.com,Female,51,Dehradun,Uttarakhand,2024-08-26 11:01:42,Regular,Direct,Mobile App,9,5906.69,2025-04-04 06:53:20,734,513,656.3,Inactive,Medium
CUST1860,Pooja Kapoor,customer860@example.com,Male,23,Noida,Uttar Pradesh,2025-05-03 10:09:48,Premium,Paid Ads,Store,7,10011.16,2026-01-18 16:43:54,484,224,1430.17,Inactive,Medium
CUST1939,Aman Bansal,customer939@example.com,Female,32,Chandigarh,Chandigarh,2025-04-19 22:44:34,Premium,Email Campaign,Mobile App,6,6959.46,2026-06-23 07:16:56,498,68,1159.91,Active,Medium
CUST1259,Karan Singh,customer259@example.com,Female,41,Delhi,Delhi,2024-03-09 01:20:39,Regular,Social Media,Website,4,5559.41,2025-08-20 08:27:20,904,375,1389.85,Inactive,Medium
CUST1085,Aman Kumar,customer85@example.com,Male,50,Pune,Maharashtra,2025-01-17 21:20:17,Premium,Email Campaign,Website,3,14289.94,2025-10-04 10:08:26,590,330,4763.31,Inactive,Medium
CUST1266,Kavya Bansal,customer266@example.com,Female,25,Kolkata,West Bengal,2024-03-13 17:57:00,Regular,Direct,Store,5,1922.88,2025-04-30 12:30:11,900,487,384.58,Inactive,Low
CUST1797,Vikram Chauhan,customer797@example.com,Male,57,Gurugram,Haryana,2025-06-21 16:51:02,Premium,Paid Ads,Marketplace,6,7339.11,2026-06-28 00:41:15,435,63,1223.18,Active,Medium
CUST1142,Ananya Shah,customer142@example.com,Male,47,Noida,Uttar Pradesh,2025-11-21 16:04:17,Premium,Social Media,Mobile App,4,10539.25,2025-11-26 04:37:37,282,277,2634.81,Inactive,Medium
CUST1176,Ananya Nair,customer176@example.com,Male,19,Gurugram,Haryana,2024-08-11 00:59:55,Premium,Social Media,Marketplace,7,19939.81,2025-05-25 04:33:17,749,462,2848.54,Inactive,High
CUST1913,Simran Roy,customer913@example.com,Male,25,Delhi,Delhi,2024-10-31 19:56:02,Regular,Referral,Store,8,6858.86,2026-03-01 06:15:38,668,182,857.36,Inactive,Medium
CUST1604,Pooja Mishra,customer604@example.com,Male,43,Lucknow,Uttar Pradesh,2025-10-07 10:41:23,Regular,Referral,Marketplace,9,20174.79,2025-10-07 10:41:23,327,327,2241.64,Inactive,High
CUST1180,Riya Sharma,customer180@example.com,Female,51,Hyderabad,Telangana,2023-11-16 13:14:29,Regular,Social Media,Website,4,9779.97,2025-03-04 03:21:46,1018,544,2444.99,Inactive,Medium
CUST1454,Rohan Joshi,customer454@example.com,Female,37,Kolkata,West Bengal,2024-09-11 21:59:20,Regular,Referral,Website,4,3539.03,2026-07-16 22:38:18,718,45,884.76,Active,Low
CUST1976,Vivaan Gupta,customer976@example.com,Female,35,Chandigarh,Chandigarh,2024-02-12 04:07:11,Premium,Referral,Store,10,9696.98,2025-05-11 16:23:49,930,476,969.7,Inactive,Medium
CUST1894,Aditya Malhotra,customer894@example.com,Female,57,Chandigarh,Chandigarh,2024-07-15 03:21:40,Regular,Email Campaign,Website,4,15160.57,2026-08-28 14:09:06,776,2,3790.14,Active,High
CUST1088,Kavya Joshi,customer88@example.com,Male,20,Hyderabad,Telangana,2025-04-20 15:05:16,Regular,Referral,Website,9,4362.24,2026-05-05 21:46:18,497,117,484.69,At Risk,Low
CUST1481,Arjun Roy,customer481@example.com,Female,40,Gurugram,Haryana,2023-03-29 21:57:33,Regular,Paid Ads,Marketplace,5,8279.61,2025-03-24 21:42:30,1250,524,1655.92,Inactive,Medium
CUST1257,Aarav Das,customer257@example.com,Female,40,Delhi,Delhi,2023-10-05 14:40:03,Premium,Email Campaign,Mobile App,8,19022.76,2026-08-15 21:25:12,1060,15,2377.84,Active,High
CUST1598,Arjun Kapoor,customer598@example.com,Female,41,Pune,Maharashtra,2025-01-11 10:39:24,VIP,Organic Search,Website,5,10960.21,2026-08-03 10:49:59,596,27,2192.04,Active,Medium
CUST1388,Riya Malhotra,customer388@example.com,Male,57,Noida,Uttar Pradesh,2025-03-04 15:36:42,Regular,Organic Search,Marketplace,6,14806.27,2026-08-23 17:14:40,544,7,2467.71,Active,Medium
CUST1364,Arjun Mehta,customer364@example.com,Female,40,Bengaluru,Karnataka,2024-08-06 06:31:02,Premium,Social Media,Mobile App,7,14040.43,2026-04-16 06:10:01,754,136,2005.78,At Risk,Medium
CUST1450,Sneha Kumar,customer450@example.com,Female,27,Chandigarh,Chandigarh,2024-05-29 18:30:40,Regular,Direct,Marketplace,12,4737.69,2026-04-15 16:55:07,823,137,394.81,At Risk,Low
CUST1910,Riya Gupta,customer910@example.com,Male,26,Pune,Maharashtra,2025-10-02 01:42:13,Regular,Direct,Mobile App,6,10795.28,2026-01-12 02:02:43,332,230,1799.21,Inactive,Medium
CUST1771,Ananya Shah,customer771@example.com,Female,23,Jaipur,Rajasthan,2024-02-15 09:19:16,Regular,Social Media,Mobile App,7,11627.67,2025-08-04 16:20:59,927,391,1661.1,Inactive,Medium
CUST1368,Vikram Das,customer368@example.com,Female,27,Chandigarh,Chandigarh,2023-07-28 11:29:58,Regular,Social Media,Mobile App,3,4603.23,2025-05-07 20:41:35,1129,480,1534.41,Inactive,Low
CUST1213,Aditi Gupta,customer213@example.com,Male,59,Kolkata,West Bengal,2024-11-25 03:04:06,Regular,Paid Ads,Website,5,6542.79,2026-03-12 21:30:38,643,171,1308.56,At Risk,Medium
CUST1290,Neha Shah,customer290@example.com,Male,44,Pune,Maharashtra,2023-05-19 00:17:35,Regular,Email Campaign,Mobile App,8,22056.03,2025-01-25 23:48:32,1199,582,2757.0,Inactive,High
CUST1753,Pooja Saxena,customer753@example.com,Male,18,Delhi,Delhi,2024-07-16 10:11:50,Regular,Referral,Mobile App,8,8206.7,2025-01-08 05:10:26,775,599,1025.84,Inactive,Medium
CUST1470,Arjun Kapoor,customer470@example.com,Male,30,Lucknow,Uttar Pradesh,2023-03-15 13:23:41,Regular,Referral,Marketplace,3,8008.75,2026-08-11 11:24:16,1264,19,2669.58,Active,Medium
CUST1886,Arjun Patel,customer886@example.com,Male,49,Pune,Maharashtra,2024-08-30 04:42:46,Regular,Social Media,Store,7,5677.41,2025-05-17 03:20:24,730,470,811.06,Inactive,Medium
CUST1337,Ankit Verma,customer337@example.com,Male,37,Chennai,Tamil Nadu,2024-05-30 08:24:36,Regular,Social Media,Marketplace,5,18265.35,2025-08-21 06:41:26,822,374,3653.07,Inactive,High
CUST1557,Rahul Joshi,customer557@example.com,Female,45,Ahmedabad,Gujarat,2023-10-06 19:49:43,Regular,Direct,Marketplace,10,11932.37,2025-08-21 02:20:50,1059,374,1193.24,Inactive,Medium
CUST1990,Neha Yadav,customer990@example.com,Male,31,Bengaluru,Karnataka,2024-09-18 18:29:09,Regular,Direct,Marketplace,11,19971.09,2025-05-12 18:42:37,711,475,1815.55,Inactive,High
CUST1884,Vikram Gupta,customer884@example.com,Female,18,Bengaluru,Karnataka,2024-03-25 07:52:40,Premium,Email Campaign,Website,4,9478.93,2026-07-28 22:34:15,888,33,2369.73,Active,Medium
CUST1008,Neha Das,customer8@example.com,Female,21,Kolkata,West Bengal,2023-08-21 15:40:40,VIP,Email Campaign,Website,1,9261.69,2026-07-19 20:18:41,1105,42,9261.69,Active,Medium
CUST1741,Rahul Gupta,customer741@example.com,Female,52,Chennai,Tamil Nadu,2024-10-06 16:39:27,Regular,Email Campaign,Store,1,10787.7,2025-06-04 08:45:45,693,452,10787.7,Inactive,Medium
CUST1692,Aditi Mishra,customer692@example.com,Male,39,Gurugram,Haryana,2025-12-25 16:11:32,Premium,Organic Search,Store,1,3930.62,2025-12-25 16:11:32,248,248,3930.62,Inactive,Low
CUST1829,Vivaan Das,customer829@example.com,Female,52,Chennai,Tamil Nadu,2023-08-31 10:19:49,Regular,Email Campaign,Mobile App,9,18150.15,2025-10-22 16:39:45,1095,312,2016.68,Inactive,High
CUST1518,Aditi Das,customer518@example.com,Female,26,Chennai,Tamil Nadu,2025-10-12 19:03:51,Regular,Email Campaign,Marketplace,4,9006.92,2025-10-15 02:15:16,322,319,2251.73,Inactive,Medium
CUST1802,Aditi Roy,customer802@example.com,Male,56,Hyderabad,Telangana,2025-06-08 16:04:03,Premium,Organic Search,Website,6,4642.06,2025-07-10 09:15:27,448,416,773.68,Inactive,Low
CUST1144,Sneha Shah,customer144@example.com,Female,35,Ahmedabad,Gujarat,2024-03-29 02:52:07,Regular,Organic Search,Mobile App,9,6852.82,2025-11-19 16:24:59,884,284,761.42,Inactive,Medium
CUST1786,Aman Joshi,customer786@example.com,Male,42,Noida,Uttar Pradesh,2023-12-11 17:12:56,Premium,Referral,Website,3,6770.65,2025-04-21 01:06:17,993,496,2256.88,Inactive,Medium
CUST1560,Aarav Joshi,customer560@example.com,Male,45,Chennai,Tamil Nadu,2023-06-06 20:37:44,Regular,Paid Ads,Website,5,3543.69,2025-12-01 10:23:11,1181,272,708.74,Inactive,Low
CUST1360,Aman Sharma,customer360@example.com,Male,40,Chandigarh,Chandigarh,2025-04-16 09:47:02,Premium,Direct,Store,6,10113.26,2025-09-20 02:41:50,501,344,1685.54,Inactive,Medium
CUST1495,Arjun Yadav,customer495@example.com,Female,34,Bengaluru,Karnataka,2025-03-03 07:34:27,Regular,Referral,Mobile App,7,2336.17,2025-06-23 11:23:35,545,433,333.74,Inactive,Low
CUST1100,Aditya Gupta,customer100@example.com,Male,46,Chandigarh,Chandigarh,2025-05-14 07:40:34,Regular,Referral,Store,7,8918.56,2026-08-06 15:34:09,473,24,1274.08,Active,Medium
CUST1060,Aditya Nair,customer60@example.com,Male,47,Ahmedabad,Gujarat,2023-05-03 16:50:17,Regular,Email Campaign,Website,11,14916.93,2025-06-20 00:37:09,1215,436,1356.08,Inactive,Medium
CUST1946,Neha Nair,customer946@example.com,Male,23,Hyderabad,Telangana,2023-07-10 13:43:37,Premium,Referral,Mobile App,5,16066.91,2025-09-30 03:25:23,1147,334,3213.38,Inactive,High
CUST1012,Pooja Shah,customer12@example.com,Male,29,Dehradun,Uttarakhand,2024-02-09 17:35:06,Premium,Social Media,Mobile App,7,9081.66,2026-08-24 07:37:46,933,6,1297.38,Active,Medium
CUST1539,Rohan Reddy,customer539@example.com,Female,57,Lucknow,Uttar Pradesh,2023-10-23 20:49:56,Regular,Paid Ads,Website,11,27146.9,2025-01-04 11:11:59,1042,603,2467.9,Inactive,High
CUST1914,Ankit Sharma,customer914@example.com,Female,24,Gurugram,Haryana,2023-12-05 18:15:23,Regular,Direct,Marketplace,5,4693.87,2026-07-08 03:34:31,999,53,938.77,Active,Low
CUST1642,Neha Patel,customer642@example.com,Female,26,Mumbai,Maharashtra,2024-07-24 16:58:18,Regular,Organic Search,Marketplace,3,4425.7,2025-05-31 04:32:15,767,456,1475.23,Inactive,Low
CUST1075,Priya Chauhan,customer75@example.com,Female,28,Jaipur,Rajasthan,2024-05-20 02:27:38,Premium,Organic Search,Mobile App,6,4354.03,2026-01-16 04:01:28,832,226,725.67,Inactive,Low
CUST1549,Riya Bansal,customer549@example.com,Male,21,Chennai,Tamil Nadu,2024-02-02 01:33:45,Regular,Email Campaign,Store,8,5886.94,2025-08-27 12:04:04,940,368,735.87,Inactive,Medium
CUST1585,Rohan Roy,customer585@example.com,Female,39,Noida,Uttar Pradesh,2025-05-25 04:26:54,Regular,Social Media,Store,8,6896.84,2025-10-25 19:12:57,462,309,862.1,Inactive,Medium
CUST1087,Rahul Joshi,customer87@example.com,Male,36,Lucknow,Uttar Pradesh,2023-06-20 03:26:27,Regular,Paid Ads,Marketplace,11,3195.8,2025-07-19 16:59:12,1167,407,290.53,Inactive,Low
CUST1189,Simran Malhotra,customer189@example.com,Male,34,Gurugram,Haryana,2025-07-02 23:31:43,Regular,Referral,Store,2,2440.7,2025-09-13 21:26:10,424,351,1220.35,Inactive,Low
CUST1948,Neha Roy,customer948@example.com,Male,59,Delhi,Delhi,2025-12-14 11:16:40,Regular,Organic Search,Website,6,3328.17,2025-12-14 11:16:40,259,259,554.7,Inactive,Low
CUST1178,Ananya Yadav,customer178@example.com,Male,45,Kolkata,West Bengal,2024-12-25 14:35:06,Regular,Organic Search,Mobile App,6,7341.45,2025-10-16 13:45:10,613,318,1223.58,Inactive,Medium
CUST1638,Aditya Patel,customer638@example.com,Female,52,Gurugram,Haryana,2024-12-16 07:36:24,Regular,Social Media,Store,3,12497.17,2025-11-11 20:46:24,622,292,4165.72,Inactive,Medium
CUST1933,Kavya Patel,customer933@example.com,Other,46,Chennai,Tamil Nadu,2025-05-16 03:13:50,Regular,Social Media,Marketplace,5,11864.38,2026-07-22 20:41:36,471,39,2372.88,Active,Medium
CUST1191,Riya Patel,customer191@example.com,Female,54,Gurugram,Haryana,2023-08-30 07:24:43,Regular,Referral,Store,10,8856.19,2025-12-24 15:14:58,1096,249,885.62,Inactive,Medium
CUST1881,Isha Nair,customer881@example.com,Male,34,Gurugram,Haryana,2025-10-06 22:23:05,Regular,Paid Ads,Website,5,6074.82,2025-12-07 08:26:01,328,266,1214.96,Inactive,Medium
CUST1414,Sneha Roy,customer414@example.com,Male,47,Hyderabad,Telangana,2025-08-13 12:28:24,Regular,Email Campaign,Website,4,14369.91,2025-08-13 12:28:24,382,382,3592.48,Inactive,Medium
CUST1619,Sneha Mishra,customer619@example.com,Male,47,Jaipur,Rajasthan,2024-09-29 01:54:45,Regular,Organic Search,Marketplace,9,11911.37,2025-05-16 05:55:26,700,471,1323.49,Inactive,Medium
CUST1693,Priya Chauhan,customer693@example.com,Female,43,Kolkata,West Bengal,2025-06-19 21:17:41,Premium,Referral,Website,12,8279.93,2025-06-19 21:17:41,437,437,689.99,Inactive,Medium
CUST1246,Aditya Kumar,customer246@example.com,Male,30,Chandigarh,Chandigarh,2025-09-26 17:25:52,Premium,Organic Search,Marketplace,5,3725.76,2026-01-12 04:05:02,338,230,745.15,Inactive,Low
CUST1218,Kavya Mishra,customer218@example.com,Female,57,Delhi,Delhi,2023-10-01 15:09:23,Regular,Email Campaign,Marketplace,7,6716.39,2025-11-30 04:48:38,1064,273,959.48,Inactive,Medium
CUST1605,Arjun Saxena,customer605@example.com,Female,30,Bengaluru,Karnataka,2023-10-10 14:20:30,Regular,Organic Search,Mobile App,6,16419.94,2025-07-10 02:24:42,1055,416,2736.66,Inactive,High
CUST1887,Karan Saxena,customer887@example.com,Female,53,Mumbai,Maharashtra,2023-01-05 20:56:33,Premium,Social Media,Marketplace,10,9915.1,2025-03-16 06:01:07,1333,532,991.51,Inactive,Medium
CUST1402,Vivaan Chauhan,customer402@example.com,Male,53,Dehradun,Uttarakhand,2025-04-01 13:51:20,Regular,Direct,Store,6,12780.17,2025-09-12 09:45:57,516,352,2130.03,Inactive,Medium
CUST1716,Arjun Kapoor,customer716@example.com,Female,44,Noida,Uttar Pradesh,2025-01-15 00:37:53,Regular,Direct,Marketplace,9,5797.25,2026-08-27 06:40:47,592,3,644.14,Active,Medium
CUST1409,Rahul Singh,customer409@example.com,Male,37,Delhi,Delhi,2025-11-06 19:04:42,Premium,Referral,Website,8,12004.22,2025-12-01 15:57:40,297,272,1500.53,Inactive,Medium
CUST1283,Aditi Patel,customer283@example.com,Female,55,Delhi,Delhi,2023-01-02 12:38:56,Regular,Organic Search,Website,3,6063.77,2025-05-18 18:02:17,1336,469,2021.26,Inactive,Medium
CUST1281,Pooja Shah,customer281@example.com,Other,57,Jaipur,Rajasthan,2025-05-21 13:31:57,Regular,Social Media,Marketplace,9,13051.8,2025-10-03 08:11:02,466,331,1450.2,Inactive,Medium
CUST1232,Kavya Gupta,customer232@example.com,Female,43,Ahmedabad,Gujarat,2023-12-23 00:36:33,Regular,Email Campaign,Marketplace,5,3106.46,2026-08-09 02:24:10,981,21,621.29,Active,Low
CUST1847,Rohan Malhotra,customer847@example.com,Male,48,Kolkata,West Bengal,2024-09-02 16:19:37,Regular,Email Campaign,Website,8,2913.85,2026-01-20 17:30:55,727,222,364.23,Inactive,Low
CUST1474,Simran Gupta,customer474@example.com,Male,43,Jaipur,Rajasthan,2023-03-28 00:59:40,Regular,Paid Ads,Mobile App,7,20959.09,2025-12-15 21:23:25,1251,258,2994.16,Inactive,High
CUST1222,Ankit Shah,customer222@example.com,Male,47,Chandigarh,Chandigarh,2024-01-12 12:42:06,Premium,Organic Search,Mobile App,2,10629.37,2026-06-10 19:00:04,961,81,5314.68,Active,Medium
CUST1473,Rohan Saxena,customer473@example.com,Female,54,Ahmedabad,Gujarat,2024-12-20 21:14:10,Regular,Direct,Website,6,22529.68,2025-08-16 13:46:13,618,379,3754.95,Inactive,High
CUST1811,Priya Das,customer811@example.com,Female,38,Noida,Uttar Pradesh,2024-12-27 14:51:22,Premium,Referral,Website,8,2350.97,2025-12-15 00:42:57,611,258,293.87,Inactive,Low
CUST1392,Karan Das,customer392@example.com,Female,20,Kolkata,West Bengal,2024-12-08 18:55:21,Regular,Organic Search,Store,7,5327.26,2026-05-04 07:51:02,630,118,761.04,At Risk,Medium
CUST1229,Riya Mishra,customer229@example.com,Male,43,Pune,Maharashtra,2025-08-02 16:11:00,Regular,Referral,Website,6,9317.75,2026-02-03 04:08:46,393,208,1552.96,Inactive,Medium
CUST1624,Arjun Patel,customer624@example.com,Male,47,Delhi,Delhi,2024-12-13 14:30:24,Regular,Referral,Store,9,5249.2,2026-03-11 11:34:09,625,172,583.24,At Risk,Medium
CUST1855,Simran Nair,customer855@example.com,Male,43,Jaipur,Rajasthan,2023-04-14 22:13:39,Regular,Direct,Mobile App,0,10127.83,2025-03-16 17:30:45,1234,532,0.0,Inactive,Medium
CUST1756,Rohan Mishra,customer756@example.com,Male,47,Kolkata,West Bengal,2023-10-18 22:14:03,Regular,Referral,Store,12,7883.47,2026-04-20 04:55:08,1047,132,656.96,At Risk,Medium
CUST1813,Riya Kumar,customer813@example.com,Male,48,Ahmedabad,Gujarat,2023-06-27 20:20:31,Regular,Referral,Marketplace,8,13475.63,2025-09-07 11:44:32,1160,357,1684.45,Inactive,Medium
CUST1695,Rohan Saxena,customer695@example.com,Male,53,Bengaluru,Karnataka,2023-10-21 15:47:55,Premium,Social Media,Marketplace,11,2979.53,2025-10-26 12:08:02,1044,308,270.87,Inactive,Low
CUST1999,Ankit Reddy,customer999@example.com,Male,52,Kolkata,West Bengal,2025-10-10 19:44:41,Regular,Social Media,Mobile App,7,6809.88,2025-10-10 19:44:41,324,324,972.84,Inactive,Medium
CUST1371,Isha Kapoor,customer371@example.com,Female,18,Pune,Maharashtra,2024-09-27 00:08:57,Premium,Email Campaign,Website,4,14428.3,2026-03-27 09:21:03,702,156,3607.08,At Risk,Medium
CUST1680,Priya Mehta,customer680@example.com,Male,36,Bengaluru,Karnataka,2025-02-18 09:37:58,Regular,Direct,Mobile App,4,5662.24,2026-05-14 18:06:43,558,108,1415.56,At Risk,Medium
CUST1499,Rahul Mehta,customer499@example.com,Female,59,Gurugram,Haryana,2024-02-07 02:24:10,Regular,Direct,Mobile App,5,5118.97,2025-10-19 07:34:41,935,315,1023.79,Inactive,Medium
CUST1301,Karan Malhotra,customer301@example.com,Male,48,Dehradun,Uttarakhand,2024-05-12 23:46:09,Regular,Email Campaign,Website,3,4811.34,2025-08-09 07:18:29,840,386,1603.78,Inactive,Low
CUST1853,Aditi Verma,customer853@example.com,Female,42,Pune,Maharashtra,2025-11-10 20:07:18,Regular,Organic Search,Mobile App,10,8189.93,2025-12-28 12:39:30,293,245,818.99,Inactive,Medium
CUST1594,Neha Yadav,customer594@example.com,Female,18,Chennai,Tamil Nadu,2025-09-16 05:52:05,Regular,Social Media,Mobile App,4,5366.04,2025-09-16 05:52:05,348,348,1341.51,Inactive,Medium
CUST1438,Priya Malhotra,customer438@example.com,Female,34,Gurugram,Haryana,2023-01-10 06:32:05,Regular,Email Campaign,Website,5,5398.33,2025-06-12 21:15:38,1328,444,1079.67,Inactive,Medium
CUST1106,Aman Malhotra,customer106@example.com,Male,30,Chennai,Tamil Nadu,2024-11-05 07:18:16,Regular,Paid Ads,Website,7,4874.26,2026-02-21 03:34:29,663,190,696.32,Inactive,Low
CUST1334,Kavya Singh,customer334@example.com,Male,27,Delhi,Delhi,2024-01-03 16:04:18,Regular,Email Campaign,Marketplace,9,12342.16,2025-11-22 14:33:59,970,281,1371.35,Inactive,Medium
CUST1569,Ananya Joshi,customer569@example.com,Female,23,Noida,Uttar Pradesh,2024-03-17 04:13:19,Premium,Direct,Marketplace,9,6463.78,2025-01-01 16:05:42,896,606,718.2,Inactive,Medium
CUST1960,Aditya Saxena,customer960@example.com,Male,39,Bengaluru,Karnataka,2024-06-09 10:59:37,Regular,Referral,Store,5,5108.12,2026-02-11 17:51:41,812,200,1021.62,Inactive,Medium
CUST1025,Neha Yadav,customer25@example.com,Male,59,Chandigarh,Chandigarh,2024-03-23 18:57:51,Regular,Organic Search,Website,8,7616.58,2025-03-26 20:32:36,890,522,952.07,Inactive,Medium
CUST1942,Aarav Mishra,customer942@example.com,Female,26,Delhi,Delhi,2025-11-20 16:03:10,Premium,Organic Search,Mobile App,12,16569.69,2026-03-29 18:39:55,283,154,1380.81,At Risk,High
CUST1164,Riya Kumar,customer164@example.com,Female,36,Bengaluru,Karnataka,2024-05-22 17:13:42,Regular,Social Media,Website,10,8339.02,2025-04-10 18:30:09,830,507,833.9,Inactive,Medium
CUST1635,Neha Mishra,customer635@example.com,Male,50,Lucknow,Uttar Pradesh,2023-12-02 22:42:53,Premium,Email Campaign,Website,10,12832.98,2025-08-27 01:34:16,1002,368,1283.3,Inactive,Medium
CUST1412,Aditya Bansal,customer412@example.com,Female,57,Unknown,Haryana,2025-04-09 08:23:09,Regular,Paid Ads,Website,6,13997.32,2025-12-26 13:22:09,508,247,2332.89,Inactive,Medium
CUST1365,Karan Gupta,customer365@example.com,Female,58,Ahmedabad,Gujarat,2023-12-01 04:53:06,Regular,Referral,Store,8,8978.99,2026-01-28 11:41:22,1003,214,1122.37,Inactive,Medium
CUST1787,Vivaan Chauhan,customer787@example.com,Male,25,Pune,Maharashtra,2023-11-22 08:35:05,Regular,Organic Search,Marketplace,10,9438.88,2025-07-25 17:35:07,1012,401,943.89,Inactive,Medium
CUST1696,Ananya Singh,customer696@example.com,Female,30,Ahmedabad,Gujarat,2025-11-15 21:42:47,VIP,Direct,Store,5,3612.84,2025-11-15 21:42:47,288,288,722.57,Inactive,Low
CUST1400,Karan Chauhan,customer400@example.com,Female,55,Pune,Maharashtra,2025-06-06 17:05:19,Premium,Social Media,Store,3,4934.51,2025-06-06 17:05:19,450,450,1644.84,Inactive,Low
CUST1961,Neha Shah,customer961@example.com,Male,23,Dehradun,Uttarakhand,2023-02-28 21:28:59,Regular,Social Media,Website,8,10456.32,2025-09-29 05:03:12,1279,335,1307.04,Inactive,Medium
CUST1033,Simran Patel,customer33@example.com,Female,56,Pune,Maharashtra,2025-12-26 14:05:14,Regular,Direct,Mobile App,7,29799.73,2025-12-26 14:05:14,247,247,4257.1,Inactive,High
CUST1873,Rahul Reddy,customer873@example.com,Male,52,Pune,Maharashtra,2023-04-05 12:02:42,Regular,Paid Ads,Marketplace,6,5206.97,2026-02-21 11:43:23,1243,190,867.83,Inactive,Medium
CUST1950,Ankit Verma,customer950@example.com,Male,60,Jaipur,Rajasthan,2023-05-21 07:47:35,Premium,Paid Ads,Website,11,8109.59,2025-08-20 06:07:01,1197,375,737.24,Inactive,Medium
CUST1790,Arjun Malhotra,customer790@example.com,Male,54,Lucknow,Uttar Pradesh,2023-03-29 17:50:02,Regular,Social Media,Marketplace,10,18901.32,2025-12-15 21:19:22,1250,258,1890.13,Inactive,High
CUST1344,Sneha Shah,customer344@example.com,Male,22,Bengaluru,Karnataka,2025-09-05 16:21:06,Regular,Organic Search,Marketplace,4,7121.58,2026-02-28 22:58:28,359,183,1780.4,Inactive,Medium
CUST1750,Kavya Das,customer750@example.com,Male,40,Lucknow,Uttar Pradesh,2024-10-12 21:04:22,Regular,Referral,Mobile App,6,12591.11,2026-01-12 18:32:02,687,230,2098.52,Inactive,Medium
CUST1589,Arjun Chauhan,customer589@example.com,Male,37,Kolkata,West Bengal,2023-12-20 18:37:34,Regular,Social Media,Website,4,3783.41,2026-05-06 04:34:21,984,116,945.85,At Risk,Low
CUST1532,Simran Malhotra,customer532@example.com,Male,52,Lucknow,Uttar Pradesh,2024-01-30 17:34:20,Regular,Referral,Mobile App,5,4765.43,2025-05-12 07:17:26,943,475,953.09,Inactive,Low
CUST1035,Isha Das,customer35@example.com,Female,58,Noida,Uttar Pradesh,2025-12-04 08:57:34,Regular,Referral,Marketplace,7,8911.25,2025-12-04 08:57:34,269,269,1273.04,Inactive,Medium
CUST1315,Arjun Roy,customer315@example.com,Male,41,Jaipur,Rajasthan,2025-05-06 03:40:22,VIP,Social Media,Marketplace,8,4613.06,2025-12-22 09:10:10,481,251,576.63,Inactive,Low
CUST1237,Karan Mishra,customer237@example.com,Female,20,Lucknow,Uttar Pradesh,2023-01-17 22:16:43,Regular,Direct,Store,8,8713.23,2026-07-06 15:44:38,1321,55,1089.15,Active,Medium
CUST1747,Riya Gupta,customer747@example.com,Male,48,Mumbai,Maharashtra,2023-02-27 21:40:28,Regular,Direct,Marketplace,6,6450.47,2025-04-04 21:01:50,1280,513,1075.08,Inactive,Medium
CUST1857,Simran Kapoor,customer857@example.com,Female,43,Chennai,Tamil Nadu,2024-06-26 12:54:06,Regular,Organic Search,Website,11,10154.14,2026-01-14 15:13:06,795,228,923.1,Inactive,Medium
CUST1096,Aditya Sharma,customer96@example.com,Male,18,Chandigarh,Chandigarh,2024-07-05 02:14:45,Premium,Organic Search,Store,10,8446.16,2025-07-01 21:42:42,786,425,844.62,Inactive,Medium
CUST1186,Aarav Shah,customer186@example.com,Female,54,Kolkata,West Bengal,2023-06-04 03:21:55,Premium,Organic Search,Marketplace,5,3964.81,2026-05-08 08:30:04,1183,114,792.96,At Risk,Low
CUST1573,Aarav Roy,customer573@example.com,Other,27,Pune,Maharashtra,2024-04-21 11:55:28,Regular,Social Media,Mobile App,5,4972.39,2025-01-08 09:21:06,861,599,994.48,Inactive,Low
CUST1906,Aditi Chauhan,customer906@example.com,Female,41,Dehradun,Uttarakhand,2024-01-01 22:19:34,Premium,Referral,Marketplace,7,9441.19,2026-05-16 10:26:10,972,106,1348.74,At Risk,Medium
CUST1456,Karan Joshi,customer456@example.com,Female,54,Unknown,Uttarakhand,2025-08-14 06:13:16,Regular,Direct,Store,6,6861.78,2025-08-14 06:13:16,381,381,1143.63,Inactive,Medium
CUST1566,Arjun Mehta,customer566@example.com,Male,55,Gurugram,Haryana,2024-05-05 08:00:13,Premium,Email Campaign,Website,5,13107.79,2026-01-22 15:22:27,847,220,2621.56,Inactive,Medium
CUST1359,Simran Yadav,customer359@example.com,Male,35,Hyderabad,Telangana,2024-04-29 05:33:13,Regular,Direct,Store,4,15959.69,2026-03-20 06:36:37,853,163,3989.92,At Risk,High
CUST1472,Priya Saxena,customer472@example.com,Male,53,Mumbai,Maharashtra,2023-08-29 19:23:40,Regular,Referral,Mobile App,5,6432.71,2025-12-11 19:44:54,1097,262,1286.54,Inactive,Medium
CUST1333,Riya Saxena,customer333@example.com,Female,19,Mumbai,Maharashtra,2025-11-05 23:20:00,Premium,Paid Ads,Marketplace,3,11976.9,2025-11-05 23:20:00,298,298,3992.3,Inactive,Medium
CUST1610,Karan Kapoor,customer610@example.com,Male,33,Gurugram,Haryana,2025-10-13 13:05:19,Regular,Direct,Mobile App,8,8554.03,2026-08-29 18:57:49,321,1,1069.25,Active,Medium
CUST1303,Priya Yadav,customer303@example.com,Female,33,Bengaluru,Karnataka,2025-09-25 10:58:12,Regular,Direct,Store,11,15404.57,2025-09-25 10:58:12,339,339,1400.42,Inactive,High
CUST1340,Ankit Singh,customer340@example.com,Male,41,Kolkata,West Bengal,2024-05-19 04:53:39,Regular,Email Campaign,Store,5,7113.31,2025-10-24 07:40:20,833,310,1422.66,Inactive,Medium
CUST1295,Pooja Kapoor,customer295@example.com,Female,44,Dehradun,Uttarakhand,2023-06-11 07:22:10,Regular,Direct,Website,11,8708.84,2025-03-06 15:26:33,1176,542,791.71,Inactive,Medium
CUST1031,Isha Kumar,customer31@example.com,Female,23,Noida,Uttar Pradesh,2024-10-05 16:21:21,Premium,Paid Ads,Website,8,12542.88,2025-08-15 10:47:24,694,380,1567.86,Inactive,Medium
CUST1992,Priya Das,customer992@example.com,Male,47,Hyderabad,Telangana,2025-12-28 05:49:52,Premium,Organic Search,Website,9,11470.44,2026-06-01 05:34:22,245,90,1274.49,Active,Medium
CUST1917,Aarav Bansal,customer917@example.com,Male,33,Ahmedabad,Gujarat,2025-01-28 17:56:13,Premium,Email Campaign,Website,13,8055.48,2026-08-16 12:34:55,579,14,619.65,Active,Medium
CUST1751,Aditi Verma,customer751@example.com,Other,21,Lucknow,Uttar Pradesh,2023-09-16 21:10:56,Premium,Organic Search,Marketplace,7,3540.29,2026-03-13 21:06:32,1079,170,505.76,At Risk,Low
CUST1199,Isha Das,customer199@example.com,Male,46,Gurugram,Haryana,2024-08-31 19:12:21,Regular,Social Media,Store,5,17359.07,2025-05-23 12:49:33,729,464,3471.81,Inactive,High
CUST1994,Aarav Reddy,customer994@example.com,Female,42,Unknown,Maharashtra,2023-09-23 20:26:13,Premium,Paid Ads,Website,5,5247.61,2025-06-30 05:28:58,1072,426,1049.52,Inactive,Medium
CUST1146,Priya Verma,customer146@example.com,Female,49,Noida,Uttar Pradesh,2023-02-05 08:10:07,Premium,Referral,Website,6,10066.56,2025-08-10 15:39:14,1302,385,1677.76,Inactive,Medium
CUST1432,Sneha Mehta,customer432@example.com,Female,32,Chandigarh,Chandigarh,2023-06-26 09:14:27,Regular,Referral,Store,12,12250.31,2026-08-05 13:19:33,1161,25,1020.86,Active,Medium
CUST1736,Arjun Mehta,customer736@example.com,Female,22,Lucknow,Uttar Pradesh,2023-05-21 22:27:52,Regular,Referral,Store,6,12184.98,2025-04-07 19:20:56,1197,510,2030.83,Inactive,Medium
CUST1924,Vikram Gupta,customer924@example.com,Female,46,Delhi,Delhi,2025-12-29 09:24:06,Regular,Direct,Mobile App,14,11747.39,2026-03-22 12:07:02,244,161,839.1,At Risk,Medium
CUST1055,Ananya Mehta,customer55@example.com,Female,38,Chennai,Tamil Nadu,2025-08-17 20:45:41,Regular,Organic Search,Store,9,3948.13,2026-08-06 12:01:43,378,24,438.68,Active,Low
CUST1828,Aditya Mishra,customer828@example.com,Male,55,Pune,Maharashtra,2025-10-03 14:53:45,Premium,Paid Ads,Website,4,8102.6,2025-10-26 17:13:36,331,308,2025.65,Inactive,Medium
CUST1637,Ananya Kumar,customer637@example.com,Male,18,Noida,Uttar Pradesh,2024-05-03 09:30:11,Regular,Referral,Store,9,6476.83,2025-11-21 12:47:10,849,282,719.65,Inactive,Medium
CUST1678,Aman Patel,customer678@example.com,Female,19,Bengaluru,Karnataka,2025-10-05 07:03:45,Premium,Social Media,Mobile App,6,20659.31,2026-08-26 11:35:14,329,4,3443.22,Active,High
CUST1705,Aditi Saxena,customer705@example.com,Male,18,Dehradun,Uttarakhand,2025-12-14 08:24:49,Regular,Social Media,Marketplace,6,10435.54,2025-12-19 02:17:50,259,254,1739.26,Inactive,Medium
CUST1441,Vikram Shah,customer441@example.com,Female,46,Delhi,Delhi,2023-06-21 00:24:14,Regular,Paid Ads,Mobile App,9,11082.98,2025-04-20 13:42:48,1166,497,1231.44,Inactive,Medium
CUST1004,Vikram Bansal,customer4@example.com,Female,20,Dehradun,Uttarakhand,2024-06-03 22:43:02,Regular,Social Media,Marketplace,10,6830.93,2026-05-09 08:32:51,818,113,683.09,At Risk,Medium
CUST1848,Arjun Kapoor,customer848@example.com,Female,52,Unknown,Gujarat,2025-03-06 05:59:44,VIP,Paid Ads,Marketplace,8,9597.63,2025-10-29 08:25:19,542,305,1199.7,Inactive,Medium
CUST1982,Sneha Roy,customer982@example.com,Female,22,Noida,Uttar Pradesh,2025-06-04 11:52:12,Regular,Referral,Store,8,18989.68,2025-10-10 06:06:36,452,324,2373.71,Inactive,High
CUST1720,Neha Kumar,customer720@example.com,Male,48,Lucknow,Uttar Pradesh,2025-09-01 21:38:30,Premium,Email Campaign,Mobile App,3,3395.1,2025-09-01 21:38:30,363,363,1131.7,Inactive,Low
CUST1328,Rahul Gupta,customer328@example.com,Female,42,Lucknow,Uttar Pradesh,2025-03-19 03:40:12,Premium,Organic Search,Store,6,17537.98,2025-06-01 10:05:57,529,455,2923.0,Inactive,High
CUST1955,Riya Mishra,customer955@example.com,Female,34,Lucknow,Uttar Pradesh,2025-08-08 07:17:44,Premium,Direct,Marketplace,7,19074.78,2025-08-08 07:17:44,387,387,2724.97,Inactive,High
CUST1697,Vikram Malhotra,customer697@example.com,Female,49,Chandigarh,Chandigarh,2023-10-12 05:10:24,Regular,Social Media,Marketplace,9,14951.14,2025-11-12 17:12:43,1053,291,1661.24,Inactive,Medium
CUST1130,Aman Gupta,customer130@example.com,Male,58,Bengaluru,Karnataka,2024-09-16 18:20:13,VIP,Email Campaign,Store,6,12794.42,2026-02-16 03:57:50,713,195,2132.4,Inactive,Medium
CUST1390,Arjun Singh,customer390@example.com,Female,47,Bengaluru,Karnataka,2023-05-02 02:25:28,Regular,Email Campaign,Store,12,8652.72,2025-12-21 10:27:05,1216,252,721.06,Inactive,Medium
CUST1076,Aarav Malhotra,customer76@example.com,Female,31,Bengaluru,Karnataka,2023-08-15 07:33:10,Premium,Email Campaign,Marketplace,7,7098.65,2026-08-24 02:13:43,1111,6,1014.09,Active,Medium
CUST1808,Ananya Shah,customer808@example.com,Male,26,Delhi,Delhi,2025-04-29 08:59:44,Regular,Organic Search,Store,10,3215.29,2025-07-22 08:03:36,488,404,321.53,Inactive,Low
CUST1897,Ananya Mehta,customer897@example.com,Female,33,Gurugram,Haryana,2025-03-09 06:07:15,VIP,Paid Ads,Marketplace,11,11630.45,2026-03-05 05:06:28,539,178,1057.31,At Risk,Medium
CUST1761,Vivaan Yadav,customer761@example.com,Male,39,Ahmedabad,Gujarat,2023-08-01 15:15:18,Regular,Organic Search,Mobile App,11,6544.26,2025-03-09 19:50:45,1125,539,594.93,Inactive,Medium
CUST1803,Simran Malhotra,customer803@example.com,Female,43,Noida,Uttar Pradesh,2023-02-25 10:52:44,Regular,Direct,Marketplace,9,10581.25,2026-06-05 16:55:34,1282,86,1175.69,Active,Medium
CUST1831,Karan Kumar,customer831@example.com,Other,25,Noida,Uttar Pradesh,2025-08-04 12:32:40,Regular,Referral,Marketplace,8,10923.8,2025-08-04 12:32:40,391,391,1365.48,Inactive,Medium
CUST1086,Aditi Sharma,customer86@example.com,Male,50,Pune,Maharashtra,2025-01-08 12:33:57,Premium,Organic Search,Marketplace,11,3523.11,2026-07-24 14:58:17,599,37,320.28,Active,Low
CUST1204,Vikram Patel,customer204@example.com,Male,20,Noida,Uttar Pradesh,2025-02-04 14:24:40,Premium,Organic Search,Mobile App,8,9031.92,2026-04-25 19:17:26,572,127,1128.99,At Risk,Medium
CUST1614,Arjun Patel,customer614@example.com,Male,47,Mumbai,Maharashtra,2024-02-07 20:21:33,Regular,Social Media,Marketplace,7,10938.5,2025-11-16 18:37:07,935,287,1562.64,Inactive,Medium
CUST1175,Karan Sharma,customer175@example.com,Male,60,Noida,Uttar Pradesh,2024-05-16 02:04:50,Regular,Email Campaign,Marketplace,3,3046.2,2025-05-11 17:30:41,836,476,1015.4,Inactive,Low
CUST1057,Rohan Mehta,customer57@example.com,Male,54,Kolkata,West Bengal,2023-10-30 01:48:20,VIP,Referral,Website,5,7589.99,2025-12-22 00:59:06,1035,251,1518.0,Inactive,Medium
CUST1567,Simran Mehta,customer567@example.com,Female,25,Kolkata,West Bengal,2024-02-21 11:51:02,Regular,Social Media,Store,4,6701.24,2026-01-13 01:22:25,921,229,1675.31,Inactive,Medium
CUST1916,Vikram Patel,customer916@example.com,Female,59,Mumbai,Maharashtra,2024-07-07 08:31:42,Premium,Referral,Mobile App,5,22673.94,2026-05-02 04:22:51,784,120,4534.79,At Risk,High
CUST1063,Vivaan Reddy,customer63@example.com,Female,47,Mumbai,Maharashtra,2024-03-27 17:08:12,Regular,Social Media,Marketplace,8,8894.53,2026-05-22 04:48:11,886,100,1111.82,At Risk,Medium
CUST1452,Kavya Shah,customer452@example.com,Male,32,Mumbai,Maharashtra,2024-05-19 00:33:52,VIP,Social Media,Store,4,8322.89,2025-07-12 23:51:38,833,414,2080.72,Inactive,Medium
CUST1289,Aditya Gupta,customer289@example.com,Female,55,Pune,Maharashtra,2024-03-25 20:21:42,Regular,Social Media,Store,7,14695.52,2026-02-23 22:31:40,888,188,2099.36,Inactive,Medium
CUST1378,Pooja Mehta,customer378@example.com,Female,39,Delhi,Delhi,2023-08-29 20:26:27,Premium,Social Media,Website,12,8514.97,2025-03-30 23:10:24,1097,518,709.58,Inactive,Medium
CUST1074,Aditi Bansal,customer74@example.com,Male,45,Gurugram,Haryana,2025-01-22 17:06:44,Premium,Social Media,Unknown,4,16945.21,2025-04-24 23:37:01,585,493,4236.3,Inactive,High
CUST1905,Riya Das,customer905@example.com,Male,25,Delhi,Delhi,2025-08-18 07:08:25,Regular,Referral,Website,2,18598.34,2025-10-06 01:22:32,377,328,9299.17,Inactive,High
CUST1846,Karan Mishra,customer846@example.com,Male,30,Bengaluru,Karnataka,2025-05-15 05:54:16,Regular,Email Campaign,Store,7,14435.92,2025-05-15 05:54:16,472,472,2062.27,Inactive,Medium
CUST1630,Aditya Roy,customer630@example.com,Female,26,Noida,Uttar Pradesh,2024-12-31 02:54:16,Premium,Paid Ads,Mobile App,6,9673.39,2026-03-19 13:57:36,607,164,1612.23,At Risk,Medium
CUST1724,Vivaan Das,customer724@example.com,Female,51,Noida,Uttar Pradesh,2025-08-12 17:42:07,Premium,Referral,Mobile App,8,4590.32,2025-08-12 17:42:07,383,383,573.79,Inactive,Low
CUST1788,Riya Singh,customer788@example.com,Female,28,Kolkata,West Bengal,2023-11-18 08:16:49,Regular,Organic Search,Mobile App,7,19746.96,2026-05-20 17:33:05,1016,102,2820.99,At Risk,High
CUST1462,Pooja Verma,customer462@example.com,Male,28,Delhi,Delhi,2025-08-20 22:52:43,Regular,Social Media,Marketplace,10,9021.18,2025-08-20 22:52:43,375,375,902.12,Inactive,Medium
CUST1528,Aditi Sharma,customer528@example.com,Female,29,Hyderabad,Telangana,2024-10-09 20:45:41,Regular,Social Media,Store,3,1979.17,2026-05-04 20:35:59,690,118,659.72,At Risk,Low
CUST1396,Vivaan Malhotra,customer396@example.com,Male,30,Pune,Maharashtra,2023-09-10 23:38:28,Premium,Email Campaign,Website,6,11492.32,2026-02-24 04:01:25,1085,187,1915.39,Inactive,Medium
CUST1362,Ananya Das,customer362@example.com,Male,38,Chandigarh,Chandigarh,2025-12-05 08:53:28,Premium,Direct,Website,11,7005.99,2026-03-29 14:10:46,268,154,636.91,At Risk,Medium
CUST1587,Pooja Gupta,customer587@example.com,Male,30,Lucknow,Uttar Pradesh,2023-08-04 10:19:08,Regular,Social Media,Website,9,10583.22,2025-01-10 05:41:26,1122,597,1175.91,Inactive,Medium
CUST1022,Kavya Malhotra,customer22@example.com,Male,22,Mumbai,Maharashtra,2023-01-19 04:02:00,Premium,Email Campaign,Website,8,14548.39,2026-03-28 10:29:12,1319,155,1818.55,At Risk,Medium
CUST1215,Ankit Kumar,customer215@example.com,Female,28,Ahmedabad,Gujarat,2025-09-28 13:55:12,Regular,Paid Ads,Website,7,6766.14,2025-09-28 13:55:12,336,336,966.59,Inactive,Medium
CUST1311,Rahul Yadav,customer311@example.com,Male,39,Delhi,Delhi,2024-10-09 00:04:59,Regular,Email Campaign,Website,7,9349.77,2025-11-23 03:04:29,690,280,1335.68,Inactive,Medium
CUST1782,Rahul Shah,customer782@example.com,Female,40,Pune,Maharashtra,2024-09-30 18:01:24,Premium,Email Campaign,Marketplace,7,9946.03,2025-09-17 04:41:51,699,347,1420.86,Inactive,Medium
CUST1258,Aman Mishra,customer258@example.com,Male,23,Jaipur,Rajasthan,2024-10-24 07:30:28,Regular,Social Media,Marketplace,9,2896.14,2025-05-23 03:08:25,675,464,321.79,Inactive,Low
CUST1018,Vikram Mehta,customer18@example.com,Male,41,Jaipur,Rajasthan,2024-09-08 18:32:26,Regular,Social Media,Store,10,11500.84,2025-08-14 09:54:06,721,381,1150.08,Inactive,Medium
CUST1193,Aditya Shah,customer193@example.com,Male,46,Dehradun,Uttarakhand,2024-12-25 21:59:03,Regular,Social Media,Store,6,4260.83,2025-11-14 12:46:27,613,289,710.14,Inactive,Low
CUST1151,Simran Malhotra,customer151@example.com,Female,57,Chandigarh,Chandigarh,2024-06-19 12:56:32,Regular,Email Campaign,Website,10,4112.06,2025-06-08 03:07:44,802,448,411.21,Inactive,Low
CUST1373,Vivaan Kapoor,customer373@example.com,Female,21,Gurugram,Haryana,2024-01-12 04:22:50,Premium,Direct,Store,1,13802.16,2026-02-26 16:13:19,961,185,13802.16,Inactive,Medium
CUST1544,Aman Mehta,customer544@example.com,Female,36,Chennai,Tamil Nadu,2024-02-13 09:18:35,VIP,Paid Ads,Marketplace,6,23670.81,2025-11-06 12:21:27,929,297,3945.14,Inactive,High
CUST1918,Vivaan Das,customer918@example.com,Female,52,Bengaluru,Karnataka,2023-04-17 05:47:59,Regular,Organic Search,Website,7,3509.76,2026-05-23 09:55:04,1231,99,501.39,At Risk,Low
CUST1651,Aarav Mehta,customer651@example.com,Male,29,Gurugram,Haryana,2024-11-08 04:23:26,Regular,Referral,Marketplace,9,9776.74,2026-07-03 18:29:07,660,58,1086.3,Active,Medium
CUST1490,Simran Roy,customer490@example.com,Male,27,Noida,Uttar Pradesh,2023-04-13 19:55:27,Regular,Organic Search,Store,8,10762.49,2025-01-09 06:25:35,1235,598,1345.31,Inactive,Medium
CUST1226,Arjun Kapoor,customer226@example.com,Male,32,Ahmedabad,Gujarat,2024-04-24 18:07:15,Regular,Social Media,Store,13,4229.22,2026-01-06 17:28:42,858,236,325.32,Inactive,Low
CUST1112,Aman Shah,customer112@example.com,Male,18,Ahmedabad,Gujarat,2025-12-29 05:40:33,Regular,Social Media,Store,5,8804.12,2026-08-14 21:53:31,244,16,1760.82,Active,Medium
CUST1520,Rahul Roy,customer520@example.com,Male,37,Hyderabad,Telangana,2025-03-20 10:43:48,Regular,Paid Ads,Marketplace,6,15458.81,2025-03-20 10:43:48,528,528,2576.47,Inactive,High
CUST1079,Ananya Das,customer79@example.com,Male,32,Hyderabad,Telangana,2025-06-22 10:51:49,Regular,Paid Ads,Mobile App,6,21262.02,2026-07-10 15:52:33,434,51,3543.67,Active,High
CUST1822,Sneha Shah,customer822@example.com,Female,59,Lucknow,Uttar Pradesh,2024-02-21 02:24:32,Regular,Social Media,Mobile App,7,13235.39,2026-08-06 22:11:21,921,24,1890.77,Active,Medium
CUST1593,Neha Kapoor,customer593@example.com,Male,50,Chandigarh,Chandigarh,2023-07-31 17:19:30,Regular,Social Media,Mobile App,4,11964.79,2026-08-23 15:28:11,1126,7,2991.2,Active,Medium
CUST1475,Ankit Singh,customer475@example.com,Male,39,Gurugram,Haryana,2023-07-31 19:50:47,Premium,Paid Ads,Store,8,7611.22,2026-06-19 02:18:41,1126,72,951.4,Active,Medium
CUST1366,Neha Kapoor,customer366@example.com,Female,42,Gurugram,Haryana,2023-09-27 03:30:22,Regular,Organic Search,Website,11,12028.29,2025-04-28 21:14:56,1068,489,1093.48,Inactive,Medium
CUST1596,Arjun Das,customer596@example.com,Female,30,Lucknow,Uttar Pradesh,2024-07-03 14:03:17,Premium,Email Campaign,Marketplace,4,17318.2,2026-03-18 12:55:04,788,165,4329.55,At Risk,High
CUST1588,Sneha Roy,customer588@example.com,Male,59,Chennai,Tamil Nadu,2024-09-05 11:26:50,Regular,Paid Ads,Website,9,7885.81,2025-01-07 06:35:18,724,600,876.2,Inactive,Medium
CUST1842,Sneha Verma,customer842@example.com,Female,31,Delhi,Delhi,2024-11-20 02:10:22,Regular,Social Media,Mobile App,8,8252.45,2026-02-07 18:23:40,648,204,1031.56,Inactive,Medium
CUST1515,Rahul Reddy,customer515@example.com,Male,30,Noida,Uttar Pradesh,2023-06-14 20:12:53,Premium,Email Campaign,Mobile App,5,6865.05,2026-03-30 22:36:04,1173,153,1373.01,At Risk,Medium
CUST1408,Rohan Nair,customer408@example.com,Female,39,Noida,Uttar Pradesh,2023-06-05 01:44:35,Premium,Referral,Mobile App,5,17607.26,2025-11-17 17:26:30,1182,286,3521.45,Inactive,High
CUST1299,Ananya Kapoor,customer299@example.com,Male,44,Hyderabad,Telangana,2024-03-25 12:17:34,Regular,Social Media,Mobile App,7,9039.14,2025-02-26 23:10:02,888,550,1291.31,Inactive,Medium
CUST1592,Riya Roy,customer592@example.com,Female,53,Chandigarh,Chandigarh,2024-08-04 23:03:42,VIP,Referral,Mobile App,7,9908.39,2025-12-01 15:26:35,756,272,1415.48,Inactive,Medium
CUST1494,Aditya Shah,customer494@example.com,Female,40,Pune,Maharashtra,2023-05-04 19:43:36,Premium,Referral,Marketplace,3,7367.66,2025-04-22 10:55:19,1214,495,2455.89,Inactive,Medium
CUST1721,Simran Nair,customer721@example.com,Male,41,Chennai,Tamil Nadu,2023-10-28 20:37:15,Regular,Email Campaign,Mobile App,8,11622.93,2025-10-06 04:54:36,1037,328,1452.87,Inactive,Medium
CUST1342,Vivaan Roy,customer342@example.com,Female,51,Ahmedabad,Gujarat,2023-12-02 05:18:11,Regular,Organic Search,Website,5,7770.75,2025-04-06 13:42:48,1002,511,1554.15,Inactive,Medium
CUST1934,Aditi Verma,customer934@example.com,Male,40,Lucknow,Uttar Pradesh,2025-05-15 17:14:29,Regular,Email Campaign,Mobile App,12,9785.2,2025-10-30 10:45:08,472,304,815.43,Inactive,Medium
CUST1194,Sneha Gupta,customer194@example.com,Male,24,Bengaluru,Karnataka,2024-07-16 16:46:24,Regular,Direct,Mobile App,9,20425.58,2026-06-07 04:55:06,775,84,2269.51,Active,High
CUST1812,Neha Kapoor,customer812@example.com,Male,51,Chandigarh,Chandigarh,2025-02-17 09:16:08,Regular,Direct,Website,8,14974.97,2025-05-25 11:53:04,559,462,1871.87,Inactive,Medium
CUST1792,Riya Mishra,customer792@example.com,Female,46,Unknown,Karnataka,2025-02-27 07:41:25,Premium,Direct,Store,9,20663.56,2025-03-02 06:04:31,549,546,2295.95,Inactive,High
CUST1198,Aditya Malhotra,customer198@example.com,Female,23,Lucknow,Uttar Pradesh,2023-10-24 22:57:19,Regular,Social Media,Website,11,12566.72,2025-02-10 20:38:40,1041,566,1142.43,Inactive,Medium
CUST1251,Aditi Das,customer251@example.com,Female,27,Chandigarh,Chandigarh,2023-06-30 17:23:34,Premium,Paid Ads,Mobile App,8,9314.83,2025-04-24 19:57:35,1157,493,1164.35,Inactive,Medium
CUST1833,Ananya Joshi,customer833@example.com,Male,34,Hyderabad,Telangana,2025-11-13 17:18:34,Regular,Social Media,Website,9,9170.25,2025-12-03 15:16:04,290,270,1018.92,Inactive,Medium
CUST1652,Ankit Patel,customer652@example.com,Female,18,Lucknow,Uttar Pradesh,2024-12-06 02:34:32,Premium,Paid Ads,Store,7,8747.2,2026-07-18 18:30:40,632,43,1249.6,Active,Medium
CUST1168,Rohan Sharma,customer168@example.com,Male,21,Kolkata,West Bengal,2024-08-01 13:22:11,Regular,Paid Ads,Website,6,6909.89,2025-08-19 07:47:37,759,376,1151.65,Inactive,Medium
CUST1355,Aditya Shah,customer355@example.com,Male,49,Jaipur,Rajasthan,2023-01-28 07:55:31,Premium,Organic Search,Marketplace,13,5208.4,2025-01-17 04:42:27,1310,590,400.65,Inactive,Medium
CUST1943,Aditi Singh,customer943@example.com,Male,54,Bengaluru,Karnataka,2025-09-18 23:28:44,Regular,Direct,Store,6,3469.91,2026-01-12 10:08:53,346,230,578.32,Inactive,Low
CUST1404,Neha Singh,customer404@example.com,Male,28,Mumbai,Maharashtra,2024-12-27 03:22:29,Premium,Social Media,Store,8,10409.99,2025-04-22 18:09:09,611,495,1301.25,Inactive,Medium
CUST1977,Aditya Joshi,customer977@example.com,Female,58,Mumbai,Maharashtra,2023-01-21 20:32:31,Regular,Organic Search,Website,4,9503.43,2025-04-09 00:34:52,1317,508,2375.86,Inactive,Medium
CUST1823,Vikram Yadav,customer823@example.com,Female,59,Noida,Uttar Pradesh,2025-07-23 10:25:37,Regular,Paid Ads,Store,8,11136.31,2025-11-16 17:57:54,403,287,1392.04,Inactive,Medium
CUST1306,Aditi Gupta,customer306@example.com,Male,28,Bengaluru,Karnataka,2025-12-07 05:06:32,Regular,Organic Search,Mobile App,15,5912.87,2026-06-08 07:44:11,266,83,394.19,Active,Medium
CUST1986,Aarav Singh,customer986@example.com,Female,45,Mumbai,Maharashtra,2025-12-03 10:34:31,Regular,Organic Search,Mobile App,6,7389.3,2025-12-03 10:34:31,270,270,1231.55,Inactive,Medium
CUST1998,Karan Mehta,customer998@example.com,Male,27,Chandigarh,Chandigarh,2024-02-05 06:34:34,Premium,Email Campaign,Mobile App,7,1856.46,2025-01-31 18:48:40,937,576,265.21,Inactive,Low
CUST1269,Pooja Nair,customer269@example.com,Female,39,Delhi,Delhi,2024-04-21 00:55:59,Regular,Referral,Mobile App,10,3470.04,2026-07-28 07:40:03,861,33,347.0,Active,Low
CUST1155,Isha Verma,customer155@example.com,Female,35,Noida,Uttar Pradesh,2025-03-16 07:49:45,Regular,Email Campaign,Mobile App,12,19695.3,2025-05-02 15:43:41,532,485,1641.28,Inactive,High
CUST1644,Arjun Mehta,customer644@example.com,Female,32,Bengaluru,Karnataka,2025-05-22 17:46:57,Regular,Social Media,Mobile App,3,5279.31,2025-10-16 06:36:31,465,318,1759.77,Inactive,Medium
CUST1938,Isha Joshi,customer938@example.com,Male,35,Chennai,Tamil Nadu,2023-11-06 02:11:27,VIP,Paid Ads,Marketplace,5,8912.61,2026-06-25 00:57:50,1028,66,1782.52,Active,Medium
CUST1271,Rahul Yadav,customer271@example.com,Female,38,Chandigarh,Chandigarh,2023-02-03 06:01:15,Premium,Referral,Store,12,15860.17,2025-05-12 15:16:55,1304,475,1321.68,Inactive,High
CUST1115,Rohan Singh,customer115@example.com,Male,42,Noida,Uttar Pradesh,2023-01-07 18:05:10,VIP,Direct,Store,6,5175.02,2025-05-27 02:48:39,1331,460,862.5,Inactive,Medium
CUST1403,Isha Reddy,customer403@example.com,Male,43,Dehradun,Uttarakhand,2025-10-26 05:15:40,Regular,Referral,Mobile App,4,7482.08,2025-10-30 06:40:55,308,304,1870.52,Inactive,Medium
CUST1730,Pooja Yadav,customer730@example.com,Male,37,Chennai,Tamil Nadu,2024-07-21 20:42:30,Premium,Paid Ads,Store,7,10884.43,2025-12-08 13:07:27,770,265,1554.92,Inactive,Medium
CUST1987,Aditi Kumar,customer987@example.com,Male,51,Mumbai,Maharashtra,2025-12-21 12:49:57,Regular,Organic Search,Store,6,8819.09,2025-12-21 12:49:57,252,252,1469.85,Inactive,Medium
CUST1885,Arjun Mehta,customer885@example.com,Male,52,Gurugram,Haryana,2024-05-12 09:04:51,Regular,Direct,Website,7,16413.96,2025-06-28 07:45:15,840,428,2344.85,Inactive,High
CUST1091,Kavya Gupta,customer91@example.com,Male,59,Mumbai,Maharashtra,2023-10-23 01:08:28,Regular,Paid Ads,Store,12,10569.84,2025-01-28 06:41:09,1042,579,880.82,Inactive,Medium
CUST1211,Vikram Kumar,customer211@example.com,Male,59,Dehradun,Uttarakhand,2025-08-07 09:39:43,Premium,Paid Ads,Marketplace,5,26436.18,2026-01-02 23:13:06,388,240,5287.24,Inactive,High
CUST1227,Vivaan Gupta,customer227@example.com,Female,33,Bengaluru,Karnataka,2023-03-12 13:37:00,Regular,Paid Ads,Mobile App,9,19231.89,2025-02-27 08:25:21,1267,549,2136.88,Inactive,High
CUST1964,Rahul Yadav,customer964@example.com,Male,18,Delhi,Delhi,2025-05-28 06:48:05,Regular,Paid Ads,Website,7,12870.51,2026-05-31 20:50:55,459,91,1838.64,At Risk,Medium
CUST1351,Ananya Gupta,customer351@example.com,Female,55,Jaipur,Rajasthan,2023-11-05 16:01:25,Premium,Email Campaign,Website,9,4862.64,2025-05-11 13:40:20,1029,476,540.29,Inactive,Low
CUST1300,Riya Singh,customer300@example.com,Male,52,Noida,Uttar Pradesh,2023-09-05 12:16:21,Regular,Referral,Store,5,2055.42,2025-02-27 09:09:52,1090,549,411.08,Inactive,Low
CUST1152,Aman Joshi,customer152@example.com,Female,53,Jaipur,Rajasthan,2023-07-27 12:18:18,Premium,Direct,Mobile App,6,23125.05,2025-11-02 09:18:59,1130,301,3854.18,Inactive,High
CUST1478,Aarav Patel,customer478@example.com,Male,35,Kolkata,West Bengal,2024-03-24 19:53:21,Regular,Organic Search,Store,10,8821.0,2025-10-03 19:11:39,889,331,882.1,Inactive,Medium
CUST1523,Sneha Chauhan,customer523@example.com,Male,38,Hyderabad,Telangana,2024-06-05 15:24:13,Regular,Paid Ads,Store,11,23879.9,2025-04-03 03:34:10,816,514,2170.9,Inactive,High
CUST1356,Vivaan Shah,customer356@example.com,Other,28,Hyderabad,Telangana,2025-09-11 07:27:03,Regular,Direct,Marketplace,5,15760.18,2026-05-04 10:35:52,353,118,3152.04,At Risk,High
CUST1927,Vivaan Yadav,customer927@example.com,Male,60,Pune,Maharashtra,2025-06-21 19:20:45,Regular,Paid Ads,Website,9,30155.62,2025-06-30 06:21:43,435,426,3350.62,Inactive,High
CUST1345,Rahul Das,customer345@example.com,Female,22,Bengaluru,Karnataka,2024-07-25 15:04:05,Regular,Referral,Website,8,23268.39,2025-10-22 13:45:06,766,312,2908.55,Inactive,High
CUST1673,Simran Shah,customer673@example.com,Male,58,Hyderabad,Telangana,2025-06-22 10:25:16,Regular,Social Media,Marketplace,18,3526.05,2026-01-18 20:16:56,434,224,195.89,Inactive,Low
CUST1264,Priya Nair,customer264@example.com,Other,50,Noida,Uttar Pradesh,2024-05-13 11:55:49,Regular,Social Media,Mobile App,11,26721.88,2026-04-28 17:48:03,839,124,2429.26,At Risk,High
CUST1502,Karan Reddy,customer502@example.com,Female,26,Lucknow,Uttar Pradesh,2024-04-19 03:33:31,Regular,Referral,Website,7,5254.34,2026-07-01 01:12:23,863,60,750.62,Active,Medium
CUST1260,Aditya Saxena,customer260@example.com,Male,37,Dehradun,Uttarakhand,2023-05-18 22:17:22,Regular,Paid Ads,Store,5,10013.39,2025-02-20 20:58:31,1200,556,2002.68,Inactive,Medium
CUST1694,Kavya Mishra,customer694@example.com,Male,60,Ahmedabad,Gujarat,2024-07-25 08:05:00,Regular,Paid Ads,Marketplace,5,20503.03,2025-01-04 13:11:28,766,603,4100.61,Inactive,High
CUST1935,Isha Reddy,customer935@example.com,Female,23,Lucknow,Uttar Pradesh,2025-01-28 18:11:51,VIP,Organic Search,Store,10,44034.23,2025-09-17 07:41:34,579,347,4403.42,Inactive,High
CUST1944,Rohan Patel,customer944@example.com,Male,27,Gurugram,Haryana,2025-01-13 01:47:56,Regular,Paid Ads,Website,6,13533.17,2025-10-17 21:36:55,594,317,2255.53,Inactive,Medium
CUST1037,Riya Mehta,customer37@example.com,Female,59,Delhi,Delhi,2023-12-13 05:57:18,Regular,Referral,Website,11,7378.64,2025-05-25 09:19:33,991,462,670.79,Inactive,Medium
CUST1957,Priya Kumar,customer957@example.com,Male,36,Mumbai,Maharashtra,2024-10-13 13:14:21,Regular,Social Media,Store,1,18141.81,2026-06-25 16:52:32,686,66,18141.81,Active,High
CUST1890,Ankit Malhotra,customer890@example.com,Female,31,Ahmedabad,Gujarat,2025-10-21 03:49:58,Regular,Organic Search,Store,10,7470.01,2026-03-21 04:09:42,313,162,747.0,At Risk,Medium
CUST1671,Aditi Singh,customer671@example.com,Female,54,Gurugram,Haryana,2025-06-21 02:22:21,Premium,Direct,Mobile App,11,3800.72,2025-06-21 02:22:21,435,435,345.52,Inactive,Low
CUST1979,Riya Mehta,customer979@example.com,Male,40,Bengaluru,Karnataka,2025-01-03 13:08:10,VIP,Direct,Marketplace,7,11685.11,2026-07-26 07:03:22,604,35,1669.3,Active,Medium
CUST1001,Simran Bansal,customer1@example.com,Male,45,Kolkata,West Bengal,2025-05-27 10:26:28,Regular,Referral,Website,9,2720.75,2025-05-27 10:26:28,460,460,302.31,Inactive,Low
CUST1042,Priya Bansal,customer42@example.com,Female,33,Noida,Uttar Pradesh,2025-09-14 19:18:35,Regular,Email Campaign,Mobile App,9,13333.99,2025-10-02 08:07:43,350,332,1481.55,Inactive,Medium
CUST1547,Aarav Das,customer547@example.com,Female,31,Ahmedabad,Gujarat,2025-04-30 16:15:54,Regular,Social Media,Store,7,15910.38,2025-05-24 19:53:23,487,463,2272.91,Inactive,High
CUST1145,Neha Roy,customer145@example.com,Female,19,Jaipur,Rajasthan,2023-03-28 02:08:16,Regular,Referral,Marketplace,7,4616.91,2025-10-14 00:11:55,1251,320,659.56,Inactive,Low
CUST1541,Pooja Saxena,customer541@example.com,Female,34,Lucknow,Uttar Pradesh,2023-10-11 21:39:14,Regular,Organic Search,Website,10,10138.07,2026-06-11 04:08:47,1054,80,1013.81,Active,Medium
CUST1581,Vikram Kumar,customer581@example.com,Female,48,Chandigarh,Chandigarh,2023-04-16 02:11:00,Premium,Email Campaign,Marketplace,6,5618.16,2025-12-29 13:03:40,1232,244,936.36,Inactive,Medium
CUST1330,Ankit Singh,customer330@example.com,Other,46,Hyderabad,Telangana,2023-05-17 04:16:28,VIP,Paid Ads,Store,7,3398.77,2025-07-19 09:30:31,1201,407,485.54,Inactive,Low
CUST1011,Pooja Das,customer11@example.com,Female,21,Kolkata,West Bengal,2025-08-21 00:15:49,Regular,Email Campaign,Store,13,15997.71,2026-04-24 19:35:34,374,128,1230.59,At Risk,High
CUST1272,Rohan Shah,customer272@example.com,Female,49,Mumbai,Maharashtra,2025-06-13 23:56:00,Regular,Social Media,Mobile App,10,8342.7,2025-06-13 23:56:00,443,443,834.27,Inactive,Medium
CUST1794,Aman Kumar,customer794@example.com,Female,26,Chandigarh,Chandigarh,2024-06-27 03:10:57,Premium,Referral,Website,7,9264.98,2025-04-08 15:38:28,794,509,1323.57,Inactive,Medium
CUST1238,Ananya Bansal,customer238@example.com,Male,55,Noida,Uttar Pradesh,2025-06-27 18:37:43,Regular,Referral,Website,5,6716.31,2025-06-27 18:37:43,429,429,1343.26,Inactive,Medium
CUST1190,Vivaan Sharma,customer190@example.com,Male,52,Hyderabad,Telangana,2024-01-09 22:36:44,Premium,Direct,Website,7,11147.46,2025-01-23 14:56:15,964,584,1592.49,Inactive,Medium
CUST1492,Riya Shah,customer492@example.com,Female,41,Mumbai,Maharashtra,2023-09-13 04:38:49,Regular,Referral,Website,5,15149.13,2025-07-24 08:08:50,1082,402,3029.83,Inactive,High
CUST1965,Neha Gupta,customer965@example.com,Female,37,Pune,Maharashtra,2023-09-13 11:49:16,Regular,Social Media,Mobile App,9,23533.98,2026-07-11 08:13:31,1082,50,2614.89,Active,High
CUST1911,Aditya Gupta,customer911@example.com,Male,56,Dehradun,Uttarakhand,2023-02-08 02:26:27,Regular,Organic Search,Marketplace,5,10426.01,2026-02-12 15:55:48,1299,199,2085.2,Inactive,Medium
CUST1770,Rahul Shah,customer770@example.com,Female,22,Bengaluru,Karnataka,2025-01-15 08:04:46,Premium,Paid Ads,Website,6,15584.64,2025-09-23 20:34:36,592,341,2597.44,Inactive,High
CUST1298,Vikram Kumar,customer298@example.com,Female,20,Bengaluru,Karnataka,2025-05-26 00:49:28,Regular,Direct,Store,9,5137.06,2026-03-13 07:31:21,461,170,570.78,At Risk,Medium
CUST1706,Vikram Kumar,customer706@example.com,Female,59,Bengaluru,Karnataka,2024-08-25 12:08:22,Regular,Direct,Mobile App,8,19136.05,2025-02-27 23:50:31,735,549,2392.01,Inactive,High
CUST1349,Riya Mehta,customer349@example.com,Female,59,Jaipur,Rajasthan,2023-10-03 01:58:11,Regular,Direct,Store,2,2713.26,2025-11-29 23:40:32,1062,274,1356.63,Inactive,Low
CUST1039,Sneha Gupta,customer39@example.com,Female,34,Dehradun,Uttarakhand,2025-07-14 12:48:45,Regular,Paid Ads,Mobile App,7,4210.48,2025-07-14 12:48:45,412,412,601.5,Inactive,Low
CUST1607,Ananya Verma,customer607@example.com,Male,54,Delhi,Delhi,2023-12-31 13:59:14,Premium,Direct,Mobile App,9,3937.04,2026-06-18 23:43:44,973,73,437.45,Active,Low
CUST1516,Aman Das,customer516@example.com,Female,34,Noida,Uttar Pradesh,2024-04-21 10:23:39,Regular,Paid Ads,Marketplace,8,8947.88,2026-03-06 12:52:40,861,177,1118.48,At Risk,Medium
CUST1498,Vivaan Gupta,customer498@example.com,Male,48,Chandigarh,Chandigarh,2023-05-05 18:59:33,Regular,Organic Search,Website,9,8145.7,2026-07-20 13:43:19,1213,41,905.08,Active,Medium
CUST1108,Aarav Chauhan,customer108@example.com,Female,43,Mumbai,Maharashtra,2025-04-17 05:26:32,Premium,Paid Ads,Marketplace,5,1948.05,2025-05-15 07:32:38,500,472,389.61,Inactive,Low
CUST1286,Kavya Malhotra,customer286@example.com,Female,25,Chennai,Tamil Nadu,2024-09-30 14:05:04,Premium,Referral,Marketplace,6,8178.26,2025-06-08 11:04:44,699,448,1363.04,Inactive,Medium
CUST1082,Vikram Gupta,customer82@example.com,Female,25,Hyderabad,Telangana,2023-03-14 20:43:45,Premium,Email Campaign,Store,13,7780.85,2025-08-05 09:19:46,1265,390,598.53,Inactive,Medium
CUST1126,Aarav Mehta,customer126@example.com,Male,18,Noida,Uttar Pradesh,2023-08-18 14:42:38,Regular,Referral,Marketplace,6,22260.93,2026-03-11 04:56:26,1108,172,3710.16,At Risk,High
CUST1471,Aman Nair,customer471@example.com,Male,49,Bengaluru,Karnataka,2025-09-16 00:05:05,Regular,Social Media,Store,7,8126.48,2025-09-16 00:05:05,348,348,1160.93,Inactive,Medium
CUST1421,Aditya Reddy,customer421@example.com,Female,44,Gurugram,Haryana,2023-05-22 03:18:49,Regular,Organic Search,Marketplace,4,7192.75,2025-06-30 00:44:04,1196,426,1798.19,Inactive,Medium
CUST1975,Arjun Reddy,customer975@example.com,Male,50,Chennai,Tamil Nadu,2024-02-15 02:16:51,Premium,Referral,Website,4,6722.58,2026-08-09 11:45:34,927,21,1680.64,Active,Medium
CUST1184,Riya Mehta,customer184@example.com,Other,25,Chennai,Tamil Nadu,2024-10-01 05:35:55,Regular,Social Media,Mobile App,14,6917.32,2025-08-25 16:05:51,698,370,494.09,Inactive,Medium
CUST1904,Rohan Chauhan,customer904@example.com,Female,20,Mumbai,Maharashtra,2023-12-15 22:14:51,Regular,Paid Ads,Marketplace,6,11028.67,2026-03-19 17:21:18,989,164,1838.11,At Risk,Medium
CUST1247,Sneha Gupta,customer247@example.com,Male,44,Delhi,Delhi,2025-10-27 18:44:35,Regular,Social Media,Marketplace,6,8938.01,2026-02-24 05:37:36,307,187,1489.67,Inactive,Medium
CUST1206,Pooja Nair,customer206@example.com,Male,43,Noida,Uttar Pradesh,2023-01-20 11:30:32,Premium,Email Campaign,Store,7,27466.84,2025-10-14 17:44:02,1318,320,3923.83,Inactive,High
CUST1268,Sneha Roy,customer268@example.com,Male,54,Delhi,Delhi,2023-03-05 04:31:41,Regular,Direct,Website,6,19546.79,2026-01-26 11:07:25,1274,216,3257.8,Inactive,High
CUST1780,Simran Nair,customer780@example.com,Male,39,Hyderabad,Telangana,2024-07-17 08:48:36,Regular,Referral,Marketplace,7,6403.67,2026-05-25 22:03:32,774,97,914.81,At Risk,Medium
CUST1546,Sneha Kumar,customer546@example.com,Female,43,Kolkata,West Bengal,2023-09-10 09:30:08,Regular,Email Campaign,Marketplace,6,3657.18,2026-08-22 14:21:01,1085,8,609.53,Active,Low
CUST1050,Aman Bansal,customer50@example.com,Female,30,Ahmedabad,Gujarat,2024-04-11 16:47:31,Premium,Referral,Store,9,5108.0,2026-03-04 03:22:58,871,179,567.56,At Risk,Medium
CUST1981,Neha Kumar,customer981@example.com,Male,36,Pune,Maharashtra,2023-11-29 09:46:48,Regular,Email Campaign,Website,7,10290.42,2025-01-06 09:16:17,1005,601,1470.06,Inactive,Medium
CUST1928,Pooja Nair,customer928@example.com,Female,40,Unknown,Karnataka,2023-03-14 21:10:42,Premium,Email Campaign,Website,7,7339.9,2025-02-25 14:07:28,1265,551,1048.56,Inactive,Medium
CUST1578,Rohan Das,customer578@example.com,Female,22,Chennai,Tamil Nadu,2024-06-11 09:24:38,Regular,Social Media,Mobile App,8,10267.3,2026-05-08 19:55:02,810,114,1283.41,At Risk,Medium
CUST1892,Arjun Roy,customer892@example.com,Female,32,Lucknow,Uttar Pradesh,2024-06-27 19:21:00,Regular,Social Media,Website,4,21019.11,2026-07-06 08:38:54,794,55,5254.78,Active,High
CUST1068,Sneha Das,customer68@example.com,Male,31,Mumbai,Maharashtra,2025-08-30 22:40:35,Regular,Social Media,Marketplace,6,2115.26,2025-09-10 12:00:36,365,354,352.54,Inactive,Low
CUST1926,Vivaan Mishra,customer926@example.com,Female,51,Chennai,Tamil Nadu,2023-04-29 00:32:54,Regular,Referral,Store,8,24089.1,2026-02-17 16:17:41,1219,194,3011.14,Inactive,High
CUST1338,Isha Gupta,customer338@example.com,Male,36,Chennai,Tamil Nadu,2025-03-05 23:48:42,Regular,Email Campaign,Marketplace,8,6032.99,2025-09-17 02:14:29,543,347,754.12,Inactive,Medium
CUST1346,Vivaan Chauhan,customer346@example.com,Female,38,Hyderabad,Telangana,2025-05-17 12:43:56,Regular,Social Media,Mobile App,6,11459.22,2025-12-09 06:39:33,470,264,1909.87,Inactive,Medium
CUST1734,Rahul Patel,customer734@example.com,Male,20,Gurugram,Haryana,2023-02-09 08:50:47,Premium,Referral,Mobile App,10,2998.17,2026-06-30 11:52:05,1298,61,299.82,Active,Low
CUST1331,Aditi Bansal,customer331@example.com,Male,36,Noida,Uttar Pradesh,2023-12-22 14:47:11,Regular,Email Campaign,Store,5,8995.0,2025-09-02 11:54:15,982,362,1799.0,Inactive,Medium
CUST1343,Vikram Joshi,customer343@example.com,Female,45,Bengaluru,Karnataka,2023-06-22 14:23:04,Regular,Referral,Website,10,1501.11,2025-03-06 16:51:57,1165,542,150.11,Inactive,Low
CUST1707,Aarav Verma,customer707@example.com,Male,35,Delhi,Delhi,2024-11-15 01:31:07,Regular,Referral,Marketplace,13,5224.38,2025-02-09 11:07:37,653,567,401.88,Inactive,Medium
CUST1800,Aman Malhotra,customer800@example.com,Male,45,Chandigarh,Chandigarh,2023-02-03 21:33:05,Regular,Social Media,Store,7,12502.13,2025-02-21 13:30:35,1304,555,1786.02,Inactive,Medium
CUST1545,Rahul Chauhan,customer545@example.com,Female,30,Chandigarh,Chandigarh,2023-04-16 19:38:13,Premium,Direct,Mobile App,4,11161.54,2025-02-02 02:37:54,1232,574,2790.38,Inactive,Medium
CUST1989,Sneha Saxena,customer989@example.com,Male,27,Dehradun,Uttarakhand,2024-10-25 15:51:30,VIP,Paid Ads,Store,6,8672.3,2025-08-19 21:56:21,674,376,1445.38,Inactive,Medium
CUST1162,Neha Mehta,customer162@example.com,Female,46,Chennai,Tamil Nadu,2024-09-29 03:49:20,VIP,Email Campaign,Mobile App,6,2909.17,2025-07-21 06:17:26,700,405,484.86,Inactive,Low
CUST1540,Ananya Reddy,customer540@example.com,Female,30,Kolkata,West Bengal,2023-04-15 04:54:41,Regular,Organic Search,Mobile App,9,8883.73,2025-11-08 12:31:41,1233,295,987.08,Inactive,Medium
CUST1002,Rahul Verma,customer2@example.com,Male,38,Hyderabad,Telangana,2024-06-18 11:04:53,Regular,Organic Search,Mobile App,8,10371.96,2026-08-09 00:23:24,803,21,1296.49,Active,Medium
CUST1308,Aditya Kapoor,customer308@example.com,Female,28,Kolkata,West Bengal,2023-03-02 09:52:54,Regular,Paid Ads,Mobile App,6,9189.32,2025-12-26 20:21:21,1277,247,1531.55,Inactive,Medium
CUST1514,Ankit Sharma,customer514@example.com,Female,56,Chennai,Tamil Nadu,2025-08-09 06:11:17,Premium,Social Media,Marketplace,6,17123.63,2026-08-15 14:20:57,386,15,2853.94,Active,High
CUST1228,Neha Mehta,customer228@example.com,Female,34,Kolkata,West Bengal,2023-01-14 20:18:31,Regular,Email Campaign,Marketplace,6,6884.88,2026-06-01 08:37:20,1324,90,1147.48,Active,Medium
CUST1657,Aman Saxena,customer657@example.com,Male,56,Bengaluru,Karnataka,2025-11-04 15:36:14,VIP,Paid Ads,Marketplace,4,4395.19,2026-04-04 12:17:40,299,148,1098.8,At Risk,Low
CUST1882,Rahul Gupta,customer882@example.com,Female,24,Gurugram,Haryana,2023-09-30 04:58:35,Premium,Referral,Marketplace,5,15655.43,2025-02-25 17:56:04,1065,551,3131.09,Inactive,High
CUST1508,Priya Verma,customer508@example.com,Male,57,Pune,Maharashtra,2024-06-10 21:56:14,Regular,Organic Search,Mobile App,13,10547.61,2025-01-23 14:03:40,811,584,811.35,Inactive,Medium
CUST1826,Aditya Sharma,customer826@example.com,Male,34,Gurugram,Haryana,2024-04-28 19:25:05,VIP,Referral,Mobile App,7,7554.42,2025-05-15 17:16:37,854,472,1079.2,Inactive,Medium
CUST1865,Ananya Sharma,customer865@example.com,Female,31,Noida,Uttar Pradesh,2023-08-25 05:49:59,Premium,Social Media,Mobile App,7,8312.31,2026-05-17 06:49:18,1101,105,1187.47,At Risk,Medium
CUST1972,Vivaan Verma,customer972@example.com,Female,29,Delhi,Delhi,2025-04-18 18:05:26,Regular,Direct,Store,7,3602.15,2026-02-22 00:27:34,499,189,514.59,Inactive,Low
CUST1675,Aman Roy,customer675@example.com,Male,28,Chennai,Tamil Nadu,2023-06-09 20:27:04,Regular,Social Media,Store,6,5379.72,2025-11-25 19:54:44,1178,278,896.62,Inactive,Medium
CUST1645,Vikram Patel,customer645@example.com,Male,29,Mumbai,Maharashtra,2025-12-19 18:30:21,Regular,Direct,Store,11,5822.82,2025-12-19 18:30:21,254,254,529.35,Inactive,Medium
CUST1353,Riya Shah,customer353@example.com,Female,31,Dehradun,Uttarakhand,2024-03-10 18:02:58,Premium,Social Media,Website,13,3657.68,2025-12-02 10:39:04,903,271,281.36,Inactive,Low
CUST1767,Kavya Kapoor,customer767@example.com,Female,42,Gurugram,Haryana,2024-01-06 11:54:48,Premium,Email Campaign,Store,7,14887.62,2026-06-01 08:56:37,967,90,2126.8,Active,Medium
CUST1758,Kavya Joshi,customer758@example.com,Male,38,Gurugram,Haryana,2025-01-15 14:11:58,Premium,Direct,Marketplace,6,6937.59,2026-08-22 20:34:24,592,8,1156.27,Active,Medium
CUST1296,Vikram Roy,customer296@example.com,Male,49,Pune,Maharashtra,2024-12-19 21:02:00,Regular,Email Campaign,Marketplace,8,13747.56,2025-08-29 00:01:46,619,366,1718.44,Inactive,Medium
CUST1531,Aarav Bansal,customer531@example.com,Male,24,Noida,Uttar Pradesh,2023-04-04 19:01:10,Regular,Organic Search,Mobile App,6,6889.06,2025-01-05 07:17:59,1244,602,1148.18,Inactive,Medium
CUST1684,Ananya Kumar,customer684@example.com,Female,23,Kolkata,West Bengal,2025-03-15 12:36:14,VIP,Social Media,Mobile App,10,12834.88,2026-04-14 08:54:19,533,138,1283.49,At Risk,Medium
CUST1006,Vivaan Mehta,customer6@example.com,Male,36,Gurugram,Haryana,2024-09-24 13:46:39,Premium,Organic Search,Website,6,9170.25,2026-07-30 17:17:39,705,31,1528.38,Active,Medium
CUST1304,Priya Chauhan,customer304@example.com,Male,30,Lucknow,Uttar Pradesh,2024-11-13 08:10:35,Regular,Social Media,Store,9,15518.98,2025-04-13 15:17:09,655,504,1724.33,Inactive,High
CUST1207,Arjun Saxena,customer207@example.com,Female,53,Noida,Uttar Pradesh,2023-09-12 17:51:07,Regular,Paid Ads,Marketplace,4,11826.77,2025-08-13 12:32:29,1083,382,2956.69,Inactive,Medium
CUST1221,Kavya Malhotra,customer221@example.com,Female,47,Dehradun,Uttarakhand,2024-02-23 03:35:29,Regular,Social Media,Mobile App,3,12095.98,2025-02-26 07:50:02,919,550,4031.99,Inactive,Medium
CUST1154,Isha Gupta,customer154@example.com,Male,45,Bengaluru,Karnataka,2024-04-14 08:56:38,Regular,Referral,Marketplace,5,19202.11,2025-02-09 06:07:08,868,567,3840.42,Inactive,High
CUST1065,Sneha Mehta,customer65@example.com,Female,60,Ahmedabad,Gujarat,2024-03-12 10:02:04,Regular,Social Media,Store,2,16926.69,2026-03-08 23:35:41,901,175,8463.34,At Risk,High
CUST1620,Vikram Shah,customer620@example.com,Female,35,Noida,Uttar Pradesh,2024-05-04 02:30:57,Regular,Organic Search,Mobile App,5,5735.75,2025-06-23 03:41:04,848,433,1147.15,Inactive,Medium
CUST1639,Riya Singh,customer639@example.com,Female,28,Gurugram,Haryana,2025-10-28 18:04:26,Regular,Email Campaign,Website,7,2420.07,2026-06-25 00:56:24,306,66,345.72,Active,Low
CUST1282,Riya Saxena,customer282@example.com,Male,30,Dehradun,Uttarakhand,2025-03-16 07:26:34,Regular,Paid Ads,Mobile App,11,15331.01,2025-09-10 15:53:03,532,354,1393.73,Inactive,High
CUST1793,Arjun Roy,customer793@example.com,Male,22,Kolkata,West Bengal,2023-11-04 16:28:58,Regular,Direct,Store,11,15415.5,2026-07-04 11:55:24,1030,57,1401.41,Active,High
CUST1616,Ananya Mishra,customer616@example.com,Female,30,Noida,Uttar Pradesh,2025-05-17 04:30:48,Premium,Direct,Marketplace,7,17782.28,2026-01-12 09:41:26,470,230,2540.33,Inactive,High
CUST1435,Ankit Shah,customer435@example.com,Female,37,Noida,Uttar Pradesh,2024-02-16 06:47:19,Regular,Referral,Store,1,9378.6,2026-01-29 05:45:33,926,213,9378.6,Inactive,Medium
CUST1571,Neha Sharma,customer571@example.com,Male,49,Bengaluru,Karnataka,2024-12-13 09:26:10,Premium,Paid Ads,Website,5,10719.54,2026-01-09 10:07:57,625,233,2143.91,Inactive,Medium
CUST1009,Pooja Das,customer9@example.com,Male,22,Lucknow,Uttar Pradesh,2024-10-26 23:50:01,VIP,Referral,Marketplace,4,6061.52,2025-04-06 10:01:22,673,511,1515.38,Inactive,Medium
CUST1034,Aditya Chauhan,customer34@example.com,Female,39,Gurugram,Haryana,2023-06-27 13:08:30,Regular,Organic Search,Store,4,10568.82,2025-04-05 00:51:01,1160,512,2642.2,Inactive,Medium
CUST1584,Pooja Kumar,customer584@example.com,Unknown,56,Chennai,Tamil Nadu,2024-05-25 14:56:38,Regular,Social Media,Store,9,9945.24,2026-02-22 13:13:21,827,189,1105.03,Inactive,Medium
CUST1122,Aarav Gupta,customer122@example.com,Female,33,Kolkata,West Bengal,2025-10-23 05:10:52,Regular,Social Media,Store,9,3285.36,2025-10-23 05:10:52,311,311,365.04,Inactive,Low
CUST1323,Simran Kapoor,customer323@example.com,Female,33,Chandigarh,Chandigarh,2024-01-10 04:26:38,Regular,Organic Search,Marketplace,5,9507.65,2025-08-26 22:40:33,963,369,1901.53,Inactive,Medium
CUST1511,Aditya Malhotra,customer511@example.com,Female,59,Chennai,Tamil Nadu,2023-04-19 21:04:22,VIP,Social Media,Website,10,15119.73,2025-09-12 13:46:15,1229,352,1511.97,Inactive,High
CUST1182,Sneha Saxena,customer182@example.com,Female,42,Hyderabad,Telangana,2025-02-25 20:46:40,VIP,Email Campaign,Website,10,4469.05,2026-05-08 21:55:26,551,114,446.9,At Risk,Low
CUST1410,Aarav Mehta,customer410@example.com,Female,25,Chennai,Tamil Nadu,2023-11-07 21:03:44,Regular,Social Media,Marketplace,7,14363.64,2025-11-09 05:49:04,1027,294,2051.95,Inactive,Medium
CUST1064,Neha Verma,customer64@example.com,Female,34,Lucknow,Uttar Pradesh,2023-08-18 00:24:04,Regular,Referral,Store,7,12080.12,2026-04-17 20:47:42,1108,135,1725.73,At Risk,Medium
CUST1113,Simran Patel,customer113@example.com,Male,34,Noida,Uttar Pradesh,2024-11-29 03:54:44,Premium,Organic Search,Website,6,11281.82,2026-05-03 04:59:14,639,119,1880.3,At Risk,Medium
CUST1161,Aditya Reddy,customer161@example.com,Female,59,Bengaluru,Karnataka,2024-01-09 06:34:07,Premium,Organic Search,Marketplace,9,15909.31,2025-12-21 01:13:22,964,252,1767.7,Inactive,High
CUST1988,Ankit Nair,customer988@example.com,Female,42,Chandigarh,Chandigarh,2023-04-26 01:34:59,VIP,Direct,Website,12,12853.06,2026-02-03 16:23:03,1222,208,1071.09,Inactive,Medium
CUST1731,Aarav Verma,customer731@example.com,Female,57,Kolkata,West Bengal,2024-08-08 05:51:50,Regular,Direct,Website,8,5583.39,2025-06-08 17:50:28,752,448,697.92,Inactive,Medium
CUST1763,Riya Shah,customer763@example.com,Male,50,Dehradun,Uttarakhand,2023-03-11 05:49:07,Premium,Social Media,Website,6,5080.2,2025-03-11 04:51:25,1268,537,846.7,Inactive,Medium
CUST1417,Aman Chauhan,customer417@example.com,Male,33,Delhi,Delhi,2023-09-30 12:56:17,Premium,Organic Search,Marketplace,7,3776.57,2025-06-30 01:04:08,1065,426,539.51,Inactive,Low
CUST1922,Isha Mehta,customer922@example.com,Female,35,Pune,Maharashtra,2023-03-05 13:49:12,Premium,Paid Ads,Mobile App,6,19301.99,2026-01-04 06:29:18,1274,238,3217.0,Inactive,High
CUST1743,Sneha Mishra,customer743@example.com,Female,58,Kolkata,West Bengal,2025-01-18 06:22:34,Premium,Email Campaign,Mobile App,12,9627.8,2025-02-18 13:27:39,589,558,802.32,Inactive,Medium
CUST1799,Riya Joshi,customer799@example.com,Female,28,Noida,Uttar Pradesh,2023-05-25 03:13:38,Regular,Social Media,Store,6,10729.29,2025-04-18 08:44:43,1193,499,1788.22,Inactive,Medium
CUST1287,Aditya Roy,customer287@example.com,Male,28,Hyderabad,Telangana,2023-08-11 18:26:26,VIP,Social Media,Mobile App,13,14813.05,2026-03-07 16:18:56,1115,176,1139.47,At Risk,Medium
CUST1845,Rohan Shah,customer845@example.com,Male,44,Pune,Maharashtra,2024-09-19 16:02:16,Regular,Direct,Mobile App,12,4927.89,2025-10-30 23:20:32,710,304,410.66,Inactive,Low
CUST1389,Sneha Roy,customer389@example.com,Female,37,Dehradun,Uttarakhand,2023-03-15 20:11:18,Regular,Social Media,Mobile App,6,7616.98,2026-05-23 20:25:30,1264,99,1269.5,At Risk,Medium
CUST1484,Ankit Verma,customer484@example.com,Male,48,Jaipur,Rajasthan,2025-01-19 10:07:55,Regular,Paid Ads,Website,7,2405.28,2025-06-09 00:59:05,588,447,343.61,Inactive,Low
CUST1631,Vivaan Sharma,customer631@example.com,Female,27,Bengaluru,Karnataka,2024-11-08 21:39:23,Regular,Organic Search,Website,16,1969.91,2025-01-01 18:50:24,660,606,123.12,Inactive,Low
CUST1236,Priya Kapoor,customer236@example.com,Male,55,Bengaluru,Karnataka,2025-08-15 08:56:25,Regular,Social Media,Website,10,9585.44,2025-09-23 19:40:30,380,341,958.54,Inactive,Medium
CUST1326,Ankit Bansal,customer326@example.com,Female,27,Kolkata,West Bengal,2023-10-16 12:33:04,Regular,Email Campaign,Mobile App,6,18288.24,2026-01-01 19:22:15,1049,241,3048.04,Inactive,High
CUST1134,Simran Verma,customer134@example.com,Female,46,Bengaluru,Karnataka,2025-01-30 22:01:28,Premium,Direct,Mobile App,8,5491.34,2026-06-03 12:08:19,577,88,686.42,Active,Medium
CUST1385,Kavya Roy,customer385@example.com,Female,60,Bengaluru,Karnataka,2025-07-15 08:43:26,Regular,Organic Search,Marketplace,10,3745.65,2026-06-03 06:50:09,411,88,374.56,Active,Low
CUST1878,Kavya Kapoor,customer878@example.com,Female,49,Hyderabad,Telangana,2024-05-12 17:42:36,Regular,Social Media,Store,7,15354.93,2025-01-23 17:15:42,840,584,2193.56,Inactive,High
CUST1465,Isha Das,customer465@example.com,Female,47,Pune,Maharashtra,2025-02-15 06:13:36,Regular,Direct,Website,7,1945.25,2025-12-05 22:08:09,561,268,277.89,Inactive,Low
CUST1138,Aman Mehta,customer138@example.com,Female,58,Lucknow,Uttar Pradesh,2025-03-27 11:15:42,Regular,Social Media,Website,10,3436.16,2026-07-02 18:12:01,521,59,343.62,Active,Low
CUST1029,Aditi Chauhan,customer29@example.com,Male,38,Chennai,Tamil Nadu,2023-09-09 01:22:46,Regular,Organic Search,Marketplace,8,13794.16,2026-07-21 19:47:52,1086,40,1724.27,Active,Medium
CUST1859,Arjun Nair,customer859@example.com,Other,23,Lucknow,Uttar Pradesh,2025-07-30 18:44:19,Regular,Social Media,Store,6,9778.14,2025-08-30 04:25:04,396,365,1629.69,Inactive,Medium
CUST1469,Simran Malhotra,customer469@example.com,Other,53,Kolkata,West Bengal,2024-06-16 14:23:02,Regular,Email Campaign,Website,6,7543.21,2026-08-19 18:32:39,805,11,1257.2,Active,Medium
CUST1903,Aarav Patel,customer903@example.com,Male,48,Delhi,Delhi,2024-09-16 09:20:38,Regular,Social Media,Marketplace,8,2585.62,2025-01-06 20:04:14,713,601,323.2,Inactive,Low
CUST1851,Isha Singh,customer851@example.com,Male,39,Lucknow,Uttar Pradesh,2024-07-09 07:52:19,Regular,Email Campaign,Store,3,8705.37,2026-06-10 16:58:05,782,81,2901.79,Active,Medium
CUST1241,Simran Verma,customer241@example.com,Male,18,Pune,Maharashtra,2024-02-07 02:21:09,Regular,Organic Search,Website,6,4368.86,2025-09-03 15:03:54,935,361,728.14,Inactive,Low
CUST1781,Neha Gupta,customer781@example.com,Male,57,Hyderabad,Telangana,2023-10-11 19:48:05,Premium,Email Campaign,Marketplace,8,6726.31,2025-05-09 07:35:50,1054,478,840.79,Inactive,Medium
CUST1930,Sneha Shah,customer930@example.com,Female,47,Kolkata,West Bengal,2025-04-03 15:04:03,Regular,Direct,Marketplace,11,22710.2,2025-07-26 16:26:50,514,400,2064.56,Inactive,High
CUST1476,Vikram Nair,customer476@example.com,Female,21,Noida,Uttar Pradesh,2025-12-17 18:56:18,Premium,Paid Ads,Store,3,3342.07,2026-06-17 13:56:24,256,74,1114.02,Active,Low
CUST1249,Sneha Reddy,customer249@example.com,Male,24,Hyderabad,Telangana,2025-07-18 08:30:29,Regular,Direct,Marketplace,3,15439.62,2025-07-18 08:30:29,408,408,5146.54,Inactive,High
CUST1292,Sneha Bansal,customer292@example.com,Male,29,Delhi,Delhi,2025-08-22 14:19:56,Regular,Paid Ads,Marketplace,4,8476.46,2025-12-10 18:50:01,373,263,2119.11,Inactive,Medium
CUST1774,Aditya Bansal,customer774@example.com,Female,21,Pune,Maharashtra,2025-03-24 03:45:51,Regular,Paid Ads,Website,5,19543.98,2026-03-28 18:28:35,524,155,3908.8,At Risk,High
CUST1310,Arjun Saxena,customer310@example.com,Male,52,Ahmedabad,Gujarat,2023-05-01 05:19:15,Regular,Referral,Store,9,14629.06,2025-09-01 13:02:56,1217,363,1625.45,Inactive,Medium
CUST1561,Pooja Kapoor,customer561@example.com,Female,20,Delhi,Delhi,2024-01-28 00:59:34,Regular,Paid Ads,Store,5,17575.85,2026-06-07 20:10:29,945,84,3515.17,Active,High
CUST1483,Kavya Nair,customer483@example.com,Female,19,Delhi,Delhi,2025-02-26 05:07:39,Premium,Paid Ads,Mobile App,2,5844.46,2025-10-30 19:06:38,550,304,2922.23,Inactive,Medium
CUST1749,Kavya Singh,customer749@example.com,Male,29,Ahmedabad,Gujarat,2023-10-31 10:48:49,Premium,Social Media,Mobile App,8,12604.69,2025-12-09 06:09:16,1034,264,1575.59,Inactive,Medium
CUST1953,Sneha Yadav,customer953@example.com,Male,21,Jaipur,Rajasthan,2024-04-21 04:26:45,Regular,Email Campaign,Store,6,9393.92,2026-04-07 10:10:57,861,145,1565.65,At Risk,Medium
CUST1051,Priya Nair,customer51@example.com,Male,49,Bengaluru,Karnataka,2023-08-27 20:57:56,Premium,Direct,Store,2,13946.06,2025-05-10 08:47:26,1099,477,6973.03,Inactive,Medium
CUST1455,Rohan Joshi,customer455@example.com,Female,20,Mumbai,Maharashtra,2024-02-05 12:03:18,Regular,Social Media,Website,5,13730.33,2026-03-04 00:16:54,937,179,2746.07,At Risk,Medium
CUST1275,Ananya Chauhan,customer275@example.com,Female,22,Lucknow,Uttar Pradesh,2023-10-14 10:23:00,Regular,Email Campaign,Mobile App,9,11343.29,2025-10-21 00:00:13,1051,313,1260.37,Inactive,Medium
CUST1742,Vivaan Mehta,customer742@example.com,Male,29,Bengaluru,Karnataka,2024-08-25 23:12:22,Regular,Referral,Marketplace,7,3412.58,2026-06-19 10:27:04,735,72,487.51,Active,Low
CUST1487,Vivaan Verma,customer487@example.com,Female,49,Noida,Uttar Pradesh,2023-04-06 22:21:55,Premium,Direct,Website,2,31351.01,2025-06-22 07:51:06,1242,434,15675.5,Inactive,High
CUST1646,Ananya Malhotra,customer646@example.com,Female,50,Bengaluru,Karnataka,2023-12-21 21:43:40,Regular,Paid Ads,Store,5,12858.2,2026-03-29 18:53:30,983,154,2571.64,At Risk,Medium
CUST1682,Isha Verma,customer682@example.com,Female,45,Mumbai,Maharashtra,2023-11-12 03:45:53,Premium,Referral,Store,5,9692.56,2025-06-30 11:51:51,1022,426,1938.51,Inactive,Medium
CUST1185,Simran Verma,customer185@example.com,Female,26,Kolkata,West Bengal,2023-03-08 22:09:57,VIP,Social Media,Store,2,9170.25,2025-04-28 11:03:27,1271,489,4585.12,Inactive,Medium
CUST1717,Priya Kapoor,customer717@example.com,Female,26,Chandigarh,Chandigarh,2024-04-20 15:44:34,Regular,Referral,Website,9,8968.7,2026-04-29 10:31:34,862,123,996.52,At Risk,Medium
CUST1888,Aditya Sharma,customer888@example.com,Male,30,Bengaluru,Karnataka,2023-08-09 08:20:07,Regular,Referral,Mobile App,7,10938.01,2025-10-29 18:35:53,1117,305,1562.57,Inactive,Medium
CUST1661,Vivaan Mehta,customer661@example.com,Female,50,Lucknow,Uttar Pradesh,2025-11-01 13:50:37,Regular,Paid Ads,Website,10,7188.33,2025-12-20 08:43:45,302,253,718.83,Inactive,Medium
CUST1316,Rahul Gupta,customer316@example.com,Female,49,Delhi,Delhi,2025-07-12 22:08:46,Regular,Referral,Website,6,8209.53,2026-07-02 07:18:13,414,59,1368.26,Active,Medium
CUST1597,Simran Chauhan,customer597@example.com,Female,34,Lucknow,Uttar Pradesh,2024-08-04 23:31:24,Premium,Direct,Website,8,13546.17,2026-02-23 05:22:41,756,188,1693.27,Inactive,Medium
CUST1869,Sneha Mehta,customer869@example.com,Female,36,Chennai,Tamil Nadu,2024-09-04 23:17:01,Premium,Social Media,Store,6,9170.25,2026-07-23 19:18:11,725,38,1528.38,Active,Medium
CUST1239,Isha Kumar,customer239@example.com,Female,20,Jaipur,Rajasthan,2024-01-25 22:37:57,Regular,Direct,Mobile App,7,12749.68,2025-08-10 20:01:20,948,385,1821.38,Inactive,Medium
CUST1305,Vikram Patel,customer305@example.com,Female,52,Bengaluru,Karnataka,2023-12-13 20:45:14,Regular,Organic Search,Marketplace,10,25647.04,2026-07-28 01:19:39,991,33,2564.7,Active,High
CUST1123,Aarav Verma,customer123@example.com,Female,42,Ahmedabad,Gujarat,2025-11-10 05:37:47,Regular,Email Campaign,Mobile App,11,2048.15,2025-11-10 05:37:47,293,293,186.2,Inactive,Low
CUST1759,Kavya Joshi,customer759@example.com,Female,42,Jaipur,Rajasthan,2023-08-14 17:04:50,Regular,Paid Ads,Website,6,3256.66,2026-05-18 06:12:18,1112,104,542.78,At Risk,Low
CUST1766,Kavya Chauhan,customer766@example.com,Male,32,Chennai,Tamil Nadu,2025-06-16 19:36:58,Regular,Direct,Store,3,4134.09,2025-06-16 19:36:58,440,440,1378.03,Inactive,Low
CUST1234,Vikram Mehta,customer234@example.com,Female,35,Chennai,Tamil Nadu,2025-07-31 07:47:45,Premium,Organic Search,Store,6,12364.8,2026-02-06 17:59:50,395,205,2060.8,Inactive,Medium
CUST1254,Ankit Kumar,customer254@example.com,Male,32,Bengaluru,Karnataka,2025-12-27 08:48:58,Regular,Social Media,Mobile App,5,11526.39,2026-08-07 14:11:26,246,23,2305.28,Active,Medium
CUST1830,Vikram Malhotra,customer830@example.com,Female,33,Dehradun,Uttarakhand,2025-12-13 06:14:55,Regular,Social Media,Marketplace,6,9170.25,2026-04-20 21:19:10,260,132,1528.38,At Risk,Medium
CUST1429,Ananya Bansal,customer429@example.com,Male,34,Jaipur,Rajasthan,2024-12-08 20:21:35,Premium,Social Media,Mobile App,11,19503.94,2025-03-03 22:19:19,630,545,1773.09,Inactive,High
CUST1448,Rohan Patel,customer448@example.com,Male,55,Bengaluru,Karnataka,2023-05-30 07:51:05,Regular,Social Media,Website,6,6810.08,2025-05-22 00:45:13,1188,465,1135.01,Inactive,Medium
CUST1623,Riya Nair,customer623@example.com,Male,38,Noida,Uttar Pradesh,2024-11-11 16:36:59,Regular,Organic Search,Store,4,3985.53,2025-01-28 22:40:30,657,579,996.38,Inactive,Low
CUST1841,Rahul Verma,customer841@example.com,Male,52,Chandigarh,Chandigarh,2024-07-05 06:12:46,Regular,Direct,Marketplace,9,4985.33,2026-08-04 18:49:13,786,26,553.93,Active,Low
CUST1203,Riya Patel,customer203@example.com,Female,48,Pune,Maharashtra,2025-09-05 20:03:38,Premium,Organic Search,Mobile App,11,9023.15,2025-11-27 06:28:45,359,276,820.29,Inactive,Medium
CUST1754,Aman Singh,customer754@example.com,Female,42,Gurugram,Haryana,2023-05-05 19:09:14,Regular,Paid Ads,Marketplace,10,11202.36,2025-11-19 07:32:00,1213,284,1120.24,Inactive,Medium
CUST1512,Pooja Mishra,customer512@example.com,Female,32,Delhi,Delhi,2024-10-17 10:05:13,Regular,Email Campaign,Website,7,6345.18,2025-10-26 01:52:54,682,308,906.45,Inactive,Medium
CUST1611,Karan Bansal,customer611@example.com,Female,19,Hyderabad,Telangana,2023-06-24 21:38:20,Premium,Referral,Website,6,10935.21,2025-04-27 17:54:33,1163,490,1822.54,Inactive,Medium
CUST1701,Ankit Chauhan,customer701@example.com,Female,36,Hyderabad,Telangana,2025-07-09 22:06:13,Regular,Paid Ads,Website,2,32804.17,2026-05-13 17:18:01,417,109,16402.08,At Risk,High
CUST1420,Aditya Roy,customer420@example.com,Female,33,Chandigarh,Chandigarh,2023-04-04 04:57:28,Regular,Email Campaign,Mobile App,10,7117.36,2026-01-04 10:37:53,1244,238,711.74,Inactive,Medium
CUST1121,Arjun Mehta,customer121@example.com,Male,43,Ahmedabad,Gujarat,2023-07-03 09:26:27,VIP,Direct,Mobile App,8,5806.04,2026-04-28 11:35:14,1154,124,725.76,At Risk,Medium
CUST1369,Karan Saxena,customer369@example.com,Male,39,Mumbai,Maharashtra,2025-01-15 04:42:53,Regular,Organic Search,Marketplace,7,12353.4,2025-11-18 17:21:09,592,285,1764.77,Inactive,Medium
CUST1049,Sneha Shah,customer49@example.com,Male,40,Hyderabad,Telangana,2023-12-31 07:55:35,Regular,Organic Search,Mobile App,8,7123.48,2025-10-14 14:26:29,973,320,890.44,Inactive,Medium
CUST1773,Ananya Nair,customer773@example.com,Male,40,Delhi,Delhi,2024-10-16 22:28:55,Premium,Email Campaign,Mobile App,11,3850.42,2025-12-02 22:14:14,683,271,350.04,Inactive,Low
CUST1825,Priya Gupta,customer825@example.com,Female,32,Gurugram,Haryana,2024-04-14 07:40:23,Premium,Organic Search,Marketplace,3,6504.56,2026-06-11 11:41:27,868,80,2168.19,Active,Medium
CUST1208,Vivaan Sharma,customer208@example.com,Female,59,Hyderabad,Telangana,2025-08-25 22:24:39,Premium,Direct,Store,4,5264.57,2026-05-01 18:43:30,370,121,1316.14,At Risk,Medium
CUST1970,Pooja Sharma,customer970@example.com,Female,20,Dehradun,Uttarakhand,2025-03-22 09:38:28,Regular,Direct,Store,7,12938.29,2026-04-08 19:15:17,526,144,1848.33,At Risk,Medium
